distrito,mean_meters,advertised_rent_time,advertised_sell_time,size_rent,size_sell,€/meter_rent,€/meter_sell,apartments,RB,PER,change_2014_2024_sell,change_2014_2024_rent,change_2021_2024_sell,change_2021_2024_rent,sell,rent,revaluation,PER_adjusted,norm_revaluation,norm_RB,inverse_PER,norm_PER
alcala-de-henares,30.0,0.0,1.2166666666666668,0.0,2.0,0.0,3164.285714285714,81437,0.0,0.0,0.055234300394453,0.0620040341555354,0.20514533085961698,0.268641470888662,94928.57142857142,0.0,94928.57142857142,0.0,8.421964963714319e-06,0.0,0.0,0.0
alcala-de-henares,50.0,1.2446428571428572,2.0620192307692307,7.0,26.0,15.995131996736111,3397.737272954541,81437,5.649100225866738,17.701934113703402,0.055234300394453,0.0620040341555354,0.20514533085961698,0.268641470888662,169886.86364772703,799.7565998368055,4620769.62221455,7.214752193795251,0.00040994991579504104,0.4194809846419093,0.05649100225866738,0.4194809846419092
alcala-de-henares,80.0,1.2883569739952718,2.1951432022084196,47.0,161.0,14.091501889861767,2465.7179149433646,81437,6.857963015701464,14.581589281109816,0.055234300394453,0.0620040341555354,0.20514533085961698,0.268641470888662,197257.43319546917,1127.3201511889415,2997208.475702027,6.417615345320737,0.00026590924514547856,0.5092465991825917,0.06857963015701463,0.5092465991825916
alcala-de-henares,100.0,1.3119708994708996,2.2458071278825993,21.0,106.0,11.59803848031027,2630.3243922923284,81437,5.291228039079655,18.899204355099723,0.055234300394453,0.0620040341555354,0.20514533085961698,0.268641470888662,263032.43922923284,1159.803848031027,8945197.19718453,7.491671986835712,0.0007936086707560955,0.3929067389590287,0.05291228039079656,0.3929067389590287
alcala-de-henares,120.0,1.446412037037037,2.3248702686202685,12.0,182.0,9.710495613911474,2309.5391955842447,81437,5.045419778531192,19.81995639401717,0.055234300394453,0.0620040341555354,0.20514533085961698,0.268641470888662,277144.7034701094,1165.259473669377,11191915.00487872,7.695308055250155,0.0009929351577662906,0.3746539399210786,0.050454197785311926,0.3746539399210786
alcobendas,30.0,1.1490277777777778,4.317592592592592,10.0,3.0,34.579547892720306,4133.141762452107,33691,10.039688899188876,9.960467998971481,0.0349594545585738,0.056062892959887395,0.136476191604564,0.244330798734944,123994.25287356322,1037.3864367816093,443413.14583166165,5.709740066147967,3.933915703613577e-05,0.7455096239302489,0.10039688899188874,0.7455096239302487
alcobendas,50.0,1.2916666666666667,1.3352564102564104,4.0,13.0,27.37962121212121,4276.594039337683,33691,7.68264304545348,13.016353800165051,0.0349594545585738,0.056062892959887395,0.136476191604564,0.244330798734944,213829.70196688417,1368.9810606060605,1130475.3556740382,6.982051999885411,0.00010029460777246747,0.5704842435973388,0.0768264304545348,0.5704842435973388
alcobendas,80.0,1.613888888888889,1.6083333333333334,12.0,49.0,17.728235784123438,3124.692144511027,33691,6.808313253617247,14.687925815820847,0.0349594545585738,0.056062892959887395,0.136476191604564,0.244330798734944,249975.37156088217,1418.258862729875,1636678.6001006924,7.599294630401092,0.0001452044376047603,0.5055597941599161,0.06808313253617247,0.505559794159916
alcobendas,100.0,1.302991452991453,1.442022792022792,13.0,39.0,14.838820512396742,3021.6212837930793,33691,5.893056390085808,16.9691232156263,0.0349594545585738,0.056062892959887395,0.136476191604564,0.244330798734944,302162.1283793079,1483.8820512396742,2648807.0275844014,8.369974309318337,0.00023499942795138102,0.43759625395639157,0.058930563900858074,0.4375962539563915
alcobendas,120.0,1.5138888888888888,1.737465277777778,17.0,40.0,14.216176478655894,3615.299959637362,33691,4.718671193219121,21.192406909746783,0.0349594545585738,0.056062892959887395,0.136476191604564,0.244330798734944,433835.99515648343,1705.9411774387074,6528042.268391712,9.622715931416595,0.0005791611781223296,0.350390816093066,0.04718671193219121,0.350390816093066
alcorcon,30.0,0.0,1.5666666666666667,0.0,2.0,0.0,3846.153846153846,71289,0.0,0.0,0.0367798549406563,0.0605244921223795,0.16516990071794102,0.26819354334401596,115384.61538461539,0.0,115384.61538461539,0.0,1.0236804088557082e-05,0.0,0.0,0.0
alcorcon,50.0,1.2407407407407407,1.6564102564102565,3.0,13.0,19.58390092879257,3063.3715682715274,71289,7.671508529346009,13.035245886446917,0.0367798549406563,0.0605244921223795,0.16516990071794102,0.26819354334401596,153168.57841357638,979.1950464396285,1123491.9710841868,6.512181355477111,9.967504909314904e-05,0.5696574362132379,0.07671508529346009,0.5696574362132378
alcorcon,80.0,1.2948148148148149,1.9716315453384419,15.0,87.0,15.1568701407244,2694.179161905946,71289,6.750940852798502,14.812750130753477,0.0367798549406563,0.0605244921223795,0.16516990071794102,0.26819354334401596,215534.33295247567,1212.5496112579522,2074550.1490344044,7.09458466146844,0.00018405194987878483,0.5012995349638554,0.06750940852798502,0.5012995349638554
alcorcon,100.0,1.3256944444444445,1.9136904761904763,16.0,56.0,13.335860075194937,2743.9013304753385,71289,5.832218495794689,17.146134026375183,0.0367798549406563,0.0605244921223795,0.16516990071794102,0.26819354334401596,274390.13304753386,1333.5860075194937,3773006.833164689,7.787993531306201,0.0003347372753910822,0.43307866021926444,0.05832218495794689,0.4330786602192644
alcorcon,120.0,1.475,1.851843869731801,4.0,58.0,9.740588803088803,2653.745551775491,71289,4.404607124404306,22.70350048837201,0.0367798549406563,0.0605244921223795,0.16516990071794102,0.26819354334401596,318449.4662130589,1168.8706563706564,10240214.598272236,9.192728284890796,0.0009085012791165579,0.32706959686175563,0.04404607124404306,0.32706959686175563
aranjuez,30.0,1.0027777777777778,1.3,1.0,1.0,19.166666666666668,5000.0,24885,4.6,21.73913043478261,0.045700568450626,0.07227982667890749,0.16526875369167202,0.265741941921964,150000.0,575.0,4170008.460113795,8.967127789772974,0.0003699588503330245,0.34157873859579524,0.046,0.34157873859579524
aranjuez,50.0,1.1300000000000001,1.5969135802469134,10.0,18.0,13.634075448361163,2669.6185484240177,24885,6.12854991874846,16.317073586050103,0.045700568450626,0.07227982667890749,0.16526875369167202,0.265741941921964,133480.92742120087,681.7037724180582,1619193.6643518193,7.548062907608404,0.0001436531921361544,0.45508311971031795,0.0612854991874846,0.4550831197103179
aranjuez,80.0,1.3566666666666667,2.1362962962962966,10.0,45.0,12.392754750853642,2042.8261827163224,24885,7.2797704605734825,13.736696856252559,0.045700568450626,0.07227982667890749,0.16526875369167202,0.265741941921964,163426.0946173058,991.4203800682914,1335969.727313697,6.746661574816801,0.00011852585651186232,0.5405684372151351,0.07279770460573483,0.5405684372151351
aranjuez,100.0,1.6,2.392929292929293,1.0,33.0,9.702970297029703,2159.2816961107997,24885,5.39233226373729,18.544851301631866,0.045700568450626,0.07227982667890749,0.16526875369167202,0.265741941921964,215928.16961107997,970.2970297029702,3682743.499201287,8.168808578056876,0.00032672920548433316,0.40041435929060715,0.05392332263737291,0.40041435929060715
aranjuez,120.0,1.3555555555555554,2.67130330445124,3.0,109.0,6.396417592069766,1567.7089377673376,24885,4.896126395385049,20.42430932629868,0.045700568450626,0.07227982667890749,0.16526875369167202,0.265741941921964,188125.07253208052,767.5701110483719,4277144.44735261,8.650238261425702,0.0003794638446387396,0.3635679735089572,0.048961263953850497,0.3635679735089572
arganda,30.0,0.0,1.5,0.0,1.0,0.0,1500.0,22250,0.0,0.0,0.0478919064397808,0.0709303056045007,0.178839652809502,0.306145567827811,45000.0,0.0,45000.0,0.0,3.992353594537262e-06,0.0,0.0,0.0
arganda,50.0,0.0,1.3242424242424242,0.0,11.0,0.0,2718.559111520241,22250,0.0,0.0,0.0478919064397808,0.0709303056045007,0.178839652809502,0.306145567827811,135927.95557601206,0.0,135927.95557601206,0.0,1.2059388045377622e-05,0.0,0.0,0.0
arganda,80.0,3.5,1.8065217391304347,6.0,46.0,13.38540873103525,2278.4493759197453,22250,7.049746484166816,14.184907248025478,0.0478919064397808,0.0709303056045007,0.178839652809502,0.306145567827811,182275.95007357962,1070.83269848282,1880650.8347731954,6.677775707081031,0.000166849402672806,0.5234877198873573,0.07049746484166816,0.5234877198873573
arganda,100.0,3.203030303030303,1.6397417153996101,11.0,57.0,12.159926676033525,2266.167850607546,22250,6.439025250194167,15.53030095618658,0.0478919064397808,0.0709303056045007,0.178839652809502,0.306145567827811,226616.7850607546,1215.9926676033524,2917464.8116800855,7.07779688347299,0.0002588344695077104,0.4781378527712606,0.06439025250194166,0.47813785277126053
arganda,120.0,1.1064814814814816,2.37249634502924,3.0,76.0,9.144444444444444,1897.543978162261,22250,5.782913840005341,17.29232057863543,0.0478919064397808,0.0709303056045007,0.178839652809502,0.306145567827811,227705.2773794713,1097.3333333333333,3917340.254142315,7.56478249534657,0.0003475423876589019,0.4294174814950415,0.057829138400053416,0.42941748149504155
arganzuela,30.0,1.2777006172839505,1.6563296903460838,36.0,61.0,34.92871779029461,6233.431827709789,76603,6.724138886388244,14.871792758836559,0.051470232930429,0.0771906249582616,0.194908189703729,0.362683881892263,187002.95483129367,1047.8615337088384,2642114.819295581,6.640990767079656,0.0002344057021332196,0.49930932151205043,0.06724138886388244,0.4993093215120504
arganzuela,50.0,1.4071957671957673,1.5339486638537272,105.0,79.0,27.188488466915178,5540.931176764164,76603,5.888213572678142,16.983079632846422,0.051470232930429,0.0771906249582616,0.194908189703729,0.362683881892263,277046.5588382082,1359.424423345759,5700741.819432422,7.204503800151015,0.000505763935429776,0.4372366445082697,0.05888213572678141,0.43723664450826966
arganzuela,80.0,1.5826596806387225,1.795984598459846,167.0,101.0,22.169209235155584,6022.438152748769,76603,4.417322421160024,22.638148286612775,0.051470232930429,0.0771906249582616,0.194908189703729,0.362683881892263,481795.0522199016,1773.5367388124469,27137701.94899036,8.483301219870615,0.002407628931634056,0.328013787084949,0.04417322421160024,0.328013787084949
arganzuela,100.0,1.4945850914205345,1.8987745098039217,79.0,85.0,18.77775531674572,5615.010896426844,76603,4.0130476673578865,24.918717216692837,0.051470232930429,0.0771906249582616,0.194908189703729,0.362683881892263,561501.0896426844,1877.7755316745718,47470967.15582023,8.926547937047184,0.004211575252459982,0.29799386090019686,0.040130476673578865,0.2979938609001968
arganzuela,120.0,1.8465277777777778,1.615869086908691,34.0,101.0,17.437365371012167,5247.181179306727,76603,3.9878246491155567,25.076328273907077,0.051470232930429,0.0771906249582616,0.194908189703729,0.362683881892263,629661.7415168072,2092.48384452146,54748668.441344425,8.955926200368165,0.00485724540550956,0.2961208942143721,0.03987824649115557,0.2961208942143721
barajas,30.0,1.0333333333333334,2.0,1.0,2.0,24.0,5904.513888888889,21168,4.8776242281681865,20.501784336419753,0.0381425968914868,0.0646213226010495,0.128141959025252,0.262780982693455,177135.41666666666,720.0,2098242.8844965682,9.68609776760435,0.00018615394493626906,0.36219407200043013,0.048776242281681856,0.3621940720004301
barajas,50.0,1.4719444444444445,1.9984567901234567,10.0,9.0,22.53085977111401,4313.8234235463215,21168,6.2675332462055495,15.955240454534705,0.0381425968914868,0.0646213226010495,0.128141959025252,0.262780982693455,215691.17117731608,1126.5429885557005,1476755.6018368187,8.233889090778211,0.0001310162341165836,0.4654035000752395,0.06267533246205549,0.46540350007523945
barajas,80.0,1.55,2.0941468253968254,12.0,28.0,19.946295530250755,4304.636313143833,21168,5.5604127492061926,17.98427643959993,0.0381425968914868,0.0646213226010495,0.128141959025252,0.262780982693455,344370.90505150665,1595.7036424200603,3011276.5904362416,8.91355747652037,0.0002671573537772009,0.4128953854230064,0.05560412749206192,0.41289538542300636
barajas,100.0,1.47,2.060532407407407,10.0,24.0,15.075764181619437,4901.695988638891,21168,3.6907464395740366,27.094790074915412,0.0381425968914868,0.0646213226010495,0.128141959025252,0.262780982693455,490169.5988638891,1507.5764181619438,12856751.417180825,11.422711781130035,0.001140637727432309,0.2740609811536135,0.036907464395740365,0.27406098115361344
barajas,120.0,1.3171717171717172,2.7103395061728395,11.0,18.0,12.443415685865402,3777.5678603689103,21168,3.952834038984078,25.298304713471122,0.0381425968914868,0.0646213226010495,0.128141959025252,0.262780982693455,453308.14324426925,1493.2098823038482,9574314.325779196,10.984388667887746,0.0008494232936389817,0.2935226228075444,0.03952834038984078,0.2935226228075443
barrio-de-salamanca,30.0,1.7438997821350761,2.0530303030303028,51.0,22.0,42.921966478810305,8385.20627764232,77042,6.142527454799177,16.279943514435523,0.0871151225328547,0.0930508277356454,0.345291549654023,0.437324390464969,251556.18832926961,1287.6589943643091,31460016.979199417,5.3729846577528955,0.0027911002638024464,0.4561210390870313,0.06142527454799177,0.4561210390870312
barrio-de-salamanca,50.0,1.807091937069813,1.9499084249084249,226.0,91.0,36.32255755527175,8613.897890493596,77042,5.06008657409665,19.762507723072396,0.0871151225328547,0.0930508277356454,0.345291549654023,0.437324390464969,430694.8945246798,1816.1278777635875,151323056.3712924,5.935600867417111,0.013425225512006533,0.37574304112292456,0.050600865740966505,0.37574304112292456
barrio-de-salamanca,80.0,1.7978747203579417,2.2131481481481483,298.0,285.0,33.12628571380266,9620.141530267656,77042,4.13211622006742,24.200674587601117,0.0871151225328547,0.0930508277356454,0.345291549654023,0.437324390464969,769611.3224214124,2650.1028571042125,1008592119.0292127,6.538663511732528,0.08948125270729404,0.30683544482214237,0.0413211622006742,0.30683544482214237
barrio-de-salamanca,100.0,1.7562815208825848,2.450622759856631,235.0,310.0,30.600192836644247,10597.903964298348,77042,3.464857912250785,28.861212359221856,0.0871151225328547,0.0930508277356454,0.345291549654023,0.437324390464969,1059790.396429835,3060.0192836644246,5533728730.732729,7.073736117134134,0.49094670642966515,0.25728734675658343,0.03464857912250785,0.25728734675658343
barrio-de-salamanca,120.0,1.9908891547049443,2.8221275488972117,418.0,1335.0,30.573376452324872,11177.231333330927,77042,3.282391734470475,30.46558975573715,0.0871151225328547,0.0930508277356454,0.345291549654023,0.437324390464969,1341267.7599997113,3668.805174278985,11271546704.072882,7.239897367691965,1.0,0.2437380930951499,0.03282391734470475,0.24373809309514988
boadilla-del-monte,30.0,1.2,0.0,1.0,0.0,33.0,0.0,21156,0.0,0.0,0.0525706823190861,0.0499162354913586,0.18253651528454,0.16321975896444,0.0,990.0,0.0,-1.0,0.0,0.0,0.0,0.0
boadilla-del-monte,50.0,1.2,0.0,1.0,0.0,17.8,0.0,21156,0.0,0.0,0.0525706823190861,0.0499162354913586,0.18253651528454,0.16321975896444,0.0,890.0,0.0,-1.0,0.0,0.0,0.0,0.0
boadilla-del-monte,80.0,1.4208333333333332,1.4777777777777779,7.0,3.0,20.635106344096176,4574.819674169879,21156,5.412700254116269,18.475067028504238,0.0525706823190861,0.0499162354913586,0.18253651528454,0.16321975896444,365985.5739335903,1650.808507527694,8104343.601972095,7.79930246804402,0.0007190090069044079,0.4019268098256904,0.05412700254116269,0.40192680982569035
boadilla-del-monte,100.0,1.0466666666666666,2.038888888888889,5.0,12.0,14.389902368163238,5163.062107123848,21156,3.344504188313006,29.899798107426133,0.0525706823190861,0.0499162354913586,0.18253651528454,0.16321975896444,516306.21071238484,1438.9902368163239,77633290.74147491,10.12531508422286,0.006887545496610749,0.2483503308418067,0.033445041883130064,0.2483503308418067
boadilla-del-monte,120.0,1.5515304487179487,2.3505858162631905,78.0,358.0,12.587228595061914,3304.4264835546246,21156,4.571042626987409,21.876846960385052,0.0525706823190861,0.0499162354913586,0.18253651528454,0.16321975896444,396531.17802655493,1510.4674314074298,15532105.366386013,8.59134676581183,0.0013779923708938378,0.33942847273781945,0.04571042626987409,0.3394284727378194
carabanchel,30.0,1.5653099838969404,2.2761904761904765,23.0,21.0,38.058131253835434,3422.2330054398362,113056,13.34501696173458,7.493433712878701,0.0584768548512758,0.0729290739374961,0.262660774541501,0.335628683043104,102666.99016319509,1141.743937615063,589407.8562681125,3.6649536696888294,5.229165719156669e-05,0.9909508826801717,0.1334501696173458,0.9909508826801717
carabanchel,50.0,1.369982993197279,1.7751869658119657,49.0,104.0,24.53543749539462,3004.9995369440253,113056,9.797846765865236,10.20632414342205,0.0584768548512758,0.0729290739374961,0.262660774541501,0.335628683043104,150249.97684720127,1226.771874769731,1623974.4537078487,4.587529263135227,0.0001440773388377159,0.7275513346172042,0.09797846765865235,0.7275513346172042
carabanchel,80.0,1.4677900326797386,1.8457329953527672,68.0,263.0,17.2537413288275,3118.2925390665555,113056,6.63968801361747,15.060948616095812,0.0584768548512758,0.0729290739374961,0.262660774541501,0.335628683043104,249463.40312532443,1380.2993063062,8365279.598391915,5.862938571930001,0.000742158979421093,0.49303831660023417,0.0663968801361747,0.4930383166002341
carabanchel,100.0,1.1643518518518519,2.032023558368495,9.0,158.0,15.15703556871329,3178.0313431063737,113056,5.7231791378991295,17.47280621321039,0.0584768548512758,0.0729290739374961,0.262660774541501,0.335628683043104,317803.13431063737,1515.703556871329,18703413.054739017,6.378726810927966,0.0016593475186489437,0.42498180666985996,0.0572317913789913,0.42498180666985996
carabanchel,120.0,1.437638888888889,1.6998563218390805,10.0,58.0,12.196164215749056,2716.22531859036,113056,5.388138074824441,18.55928682808639,0.0584768548512758,0.0729290739374961,0.262660774541501,0.335628683043104,325947.0382308432,1463.5397058898866,24714723.28442758,6.592239871896841,0.0021926647631684048,0.40010291456054553,0.05388138074824441,0.4001029145605455
centro,30.0,1.518229807298073,1.832514245014245,271.0,234.0,41.71665838653582,7202.559190935009,81800,6.9503059588663225,14.387855814092996,0.07303500715108151,0.09207885108275979,0.314553662035903,0.443442054129077,216076.77572805027,1251.4997515960745,11055373.59738862,5.250226904909962,0.0009808213448997067,0.516103639627043,0.06950305958866322,0.516103639627043
centro,50.0,1.521201537795105,1.96041910331384,513.0,285.0,33.83684249880845,6598.044991634255,81800,6.153976071708019,16.249656942888514,0.07303500715108151,0.09207885108275979,0.314553662035903,0.443442054129077,329902.24958171276,1691.8421249404225,28086150.499861334,5.618547386720864,0.0024917743089963537,0.45697117041798535,0.06153976071708019,0.45697117041798535
centro,80.0,1.6564422704548656,2.3956050668724282,526.0,432.0,28.760037453220406,7234.4783216212645,81800,4.770495315566894,20.962183879247068,0.07303500715108151,0.09207885108275979,0.314553662035903,0.443442054129077,578758.2657297011,2300.8029962576325,178792862.55840266,6.4125922448739265,0.0158623183891699,0.3542390809496717,0.047704953155668944,0.35423908094967177
centro,100.0,1.936775121735281,2.5591379310344826,251.0,435.0,27.581295182406233,7654.170140126664,81800,4.324120526845222,23.126089890227384,0.07303500715108151,0.09207885108275979,0.314553662035903,0.443442054129077,765417.0140126664,2758.1295182406234,427342613.7949681,6.726463218006681,0.037913396006295334,0.3210929641512993,0.043241205268452224,0.3210929641512993
centro,120.0,1.7460967432950192,2.586181592039801,290.0,670.0,26.794985751679523,7967.129481847426,81800,4.035830342066881,24.778048511520613,0.07303500715108151,0.09207885108275979,0.314553662035903,0.443442054129077,956055.5378216911,3215.3982902015427,838644842.3584099,6.9491589491424905,0.0744037055762163,0.2996856168325744,0.04035830342066881,0.2996856168325744
chamartin,30.0,1.2215277777777778,2.1625,18.0,8.0,37.6377660100071,8218.490250429395,68537,5.495573741131925,18.19646222769144,0.057493662930713,0.07053206892343711,0.23559127955275203,0.33573357335733595,246554.70751288184,1129.132980300213,11580045.209926184,6.871615606212467,0.0010273696693056179,0.4080806839904388,0.05495573741131924,0.40808068399043873
chamartin,50.0,1.5424663299663302,2.0567567567567564,99.0,37.0,32.65533631214399,7423.362536722632,68537,5.27879426347852,18.943719911922443,0.057493662930713,0.07053206892343711,0.23559127955275203,0.33573357335733595,371168.1268361316,1632.7668156071993,20418404.687351562,7.026455056421339,0.0018114998077392109,0.39198345344037244,0.052787942634785194,0.39198345344037233
chamartin,80.0,1.490966950861753,1.9078414351851851,202.0,96.0,25.61562509456834,6975.315802141301,68537,4.40678974047967,22.692255789157574,0.057493662930713,0.07053206892343711,0.23559127955275203,0.33573357335733595,558025.2641713041,2049.250007565467,67842384.99838187,7.7347830311205445,0.006018906435783793,0.3272316697412908,0.044067897404796705,0.3272316697412908
chamartin,100.0,1.820818070818071,2.0038029100529102,91.0,84.0,25.49168752575061,7319.45805682666,68537,4.179274584731071,23.927597474774398,0.057493662930713,0.07053206892343711,0.23559127955275203,0.33573357335733595,731945.805682666,2549.168752575061,115564111.54540788,7.9467430858647745,0.010252728802840316,0.31033724802128376,0.041792745847310714,0.31033724802128376
chamartin,120.0,1.7570819581958195,2.3587631898280046,202.0,351.0,22.602521587915486,7587.0801077504175,68537,3.5748964714095535,27.972838038739283,0.057493662930713,0.07053206892343711,0.23559127955275203,0.33573357335733595,910449.6129300501,2712.3025905498585,338264000.93428844,8.580977719018156,0.030010433334056938,0.2654583972423119,0.035748964714095534,0.2654583972423119
chamberi,30.0,1.7809358465608465,1.5032828282828283,84.0,44.0,42.083040103035366,8216.176942959642,75626,6.146368131338149,16.269770678091263,0.06258730332421371,0.0860557956972567,0.266163967829188,0.403391715318321,246485.30828878927,1262.491203091061,11462491.506016834,6.091056000577421,0.001016940425919981,0.4564062333147566,0.06146368131338149,0.45640623331475655
chamberi,50.0,1.4135601577909271,1.8241255144032922,169.0,81.0,33.52938604260487,7476.329176382784,75626,5.381686961861753,18.5815341376537,0.06258730332421371,0.0860557956972567,0.266163967829188,0.403391715318321,373816.45881913917,1676.4693021302435,29997076.434613746,6.553965397086661,0.0026613096873186488,0.39962387911960334,0.05381686961861753,0.3996238791196033
chamberi,80.0,1.5715678418803418,1.8663500816993466,208.0,136.0,31.236816146004166,8789.203093467228,75626,4.264798409660821,23.447767137943806,0.06258730332421371,0.0860557956972567,0.266163967829188,0.403391715318321,703136.2474773782,2498.9452916803334,177909842.81213656,7.389072198819898,0.01578397778787984,0.31668792633419496,0.04264798409660821,0.31668792633419496
chamberi,100.0,1.6769824625950454,1.9736574074074074,151.0,120.0,28.69990728402325,8131.270164978023,75626,4.235486958625852,23.610036101360983,0.06258730332421371,0.0860557956972567,0.266163967829188,0.403391715318321,813127.0164978023,2869.990728402325,213771506.586168,7.414272176006893,0.01896558761619853,0.3145113679709478,0.042354869586258524,0.3145113679709478
chamberi,120.0,1.7152111521115212,2.4171844660194175,271.0,515.0,25.689529644808296,8700.0266335677,75626,3.5433725518525527,28.22170080527316,0.06258730332421371,0.0860557956972567,0.266163967829188,0.403391715318321,1044003.1960281241,3082.7435573769953,814971725.4996058,8.074169673384477,0.0723034510609908,0.26311754926886066,0.03543372551852553,0.26311754926886066
ciudad-lineal,30.0,1.240575396825397,2.3095238095238098,14.0,7.0,35.89201014526559,4816.399974294712,103180,8.942449216050772,11.18261871932248,0.0603825722277408,0.0666726277353391,0.24954487844221698,0.317823908375089,144491.99922884136,1076.7603043579677,1744949.8401089364,4.981321513878334,0.00015481015036546963,0.6640327224294741,0.08942449216050771,0.6640327224294741
ciudad-lineal,50.0,1.919753086419753,1.8311868686868686,45.0,88.0,25.587701544028096,5068.869071870537,103180,6.057611948044011,16.508155500500454,0.0603825722277408,0.0666726277353391,0.24954487844221698,0.317823908375089,253443.45359352682,1279.3850772014048,10024802.096577061,6.330398948182047,0.0008893901041065359,0.44981553219906334,0.0605761194804401,0.4498155321990633
ciudad-lineal,80.0,1.4125533315177923,1.8851076555023925,102.0,209.0,19.63655145987369,4439.362720304735,103180,5.307937926331667,18.83970788428385,0.0603825722277408,0.0666726277353391,0.24954487844221698,0.317823908375089,355149.01762437884,1570.9241167898952,23614968.71536882,6.813574966716066,0.002095095671904171,0.3941475524828592,0.053079379263316684,0.39414755248285926
ciudad-lineal,100.0,1.5382769097222222,2.0373737373737373,32.0,99.0,17.992549327612586,4835.370799066277,103180,4.465233399950298,22.395245901616942,0.0603825722277408,0.0666726277353391,0.24954487844221698,0.317823908375089,483537.0799066277,1799.2549327612587,70992333.65070333,7.4628285084215165,0.006298366631888312,0.3315714765849646,0.04465233399950298,0.33157147658496455
ciudad-lineal,120.0,1.754983660130719,1.9851296296296297,34.0,150.0,15.760633301932307,5059.121429462202,103180,3.738348688801732,26.749778665524484,0.0603825722277408,0.0666726277353391,0.24954487844221698,0.317823908375089,607094.5715354643,1891.275996231877,235151177.43185416,8.14807930395188,0.020862369966216276,0.2775957455548132,0.03738348688801732,0.2775957455548132
collado-villalba,30.0,1.4166666666666667,1.0333333333333332,2.0,2.0,20.945945945945944,3795.0119047619046,27946,6.623203237806993,15.098434459805429,0.059775905660369805,0.0566993553736255,0.19890143116307202,0.246184472461845,113850.35714285713,628.3783783783783,1761333.461721094,6.646228293267303,0.0001562636883795771,0.491814219007326,0.06623203237806993,0.491814219007326
collado-villalba,50.0,1.2433333333333334,2.2133333333333334,5.0,10.0,15.87,3537.3117626224157,27946,5.383749377488167,18.57441589278731,0.059775905660369805,0.0566993553736255,0.19890143116307202,0.246184472461845,176865.58813112078,793.5,5140441.724791151,7.524468720757666,0.00045605468883287275,0.39977702636484913,0.05383749377488167,0.3997770263648492
collado-villalba,80.0,1.5674382716049382,2.1549903100775194,9.0,86.0,13.566893494589811,2741.554401903863,27946,5.9383363621024605,16.83973320174055,0.059775905660369805,0.0566993553736255,0.19890143116307202,0.246184472461845,219324.35215230903,1085.351479567185,4653498.904219921,7.103653934539135,0.000412853623943058,0.44095857476619615,0.05938336362102461,0.44095857476619615
collado-villalba,100.0,1.1291666666666667,1.8450617283950619,4.0,54.0,12.196969696969697,2242.5748889533043,27946,6.526588569443489,15.321940235084686,0.059775905660369805,0.0566993553736255,0.19890143116307202,0.246184472461845,224257.48889533043,1219.6969696969697,3612956.277127474,6.707108897302017,0.00032053775510879637,0.48463997627918326,0.0652658856944349,0.48463997627918326
collado-villalba,120.0,1.2107142857142856,2.5730083857442345,7.0,106.0,9.211530766152615,2080.5708984584176,27946,5.31288644264581,18.82216024745301,0.059775905660369805,0.0566993553736255,0.19890143116307202,0.246184472461845,249668.50781501012,1105.3836919383139,7589951.927482024,7.5820304858911225,0.000673372708001064,0.394515010735143,0.0531288644264581,0.394515010735143
colmenar-viejo,50.0,0.0,2.0333333333333337,0.0,5.0,0.0,3232.411803949938,20965,0.0,0.0,0.035052831927665,0.0501701212201517,0.14132681756724,0.218692246765819,161620.5901974969,0.0,161620.5901974969,0.0,1.433881209391579e-05,0.0,0.0,0.0
colmenar-viejo,80.0,1.3106481481481482,2.041880341880342,9.0,39.0,12.760012283978662,2735.412837463846,20965,5.5976979164033684,17.86448670389344,0.035052831927665,0.0501701212201517,0.14132681756724,0.218692246765819,218833.02699710766,1020.800982718293,2321204.699792567,8.530147634886536,0.00020593488726385872,0.41566404202725526,0.055976979164033686,0.4156640420272552
colmenar-viejo,100.0,1.7738095238095237,2.164414414414414,7.0,37.0,13.079736571598202,2944.7241037938693,20965,5.330103375625623,18.761362201209174,0.035052831927665,0.0501701212201517,0.14132681756724,0.218692246765819,294472.4103793869,1307.9736571598203,3516695.993738715,8.797407091331571,0.00031199764203327886,0.3957934755720415,0.053301033756256236,0.3957934755720415
colmenar-viejo,120.0,1.3433333333333333,2.1631054131054133,10.0,117.0,9.656750339932493,2259.531338487975,20965,5.128541574321989,19.49872074756854,0.035052831927665,0.0501701212201517,0.14132681756724,0.218692246765819,271143.760618557,1158.8100407918992,3569616.833199192,9.010272894156055,0.0003166927243365225,0.38082625256369546,0.05128541574321989,0.3808262525636954
coslada,50.0,1.0333333333333332,2.209090909090909,2.0,11.0,19.945887445887447,3073.430505664548,31375,7.787735851177026,12.840702600985903,0.0469778298876214,0.0575488033110721,0.18002827748029598,0.210851975249881,153671.5252832274,997.2943722943724,1287486.0053679575,6.233720320682267,0.00011422443069882636,0.5782880409918045,0.07787735851177026,0.5782880409918044
coslada,80.0,1.2555555555555555,2.085024154589372,6.0,46.0,14.242647126074091,2501.942541078828,31375,6.831162694855199,14.63879641972423,0.0469778298876214,0.0575488033110721,0.18002827748029598,0.210851975249881,200155.40328630625,1139.4117700859274,2258321.3483868563,6.797093530781573,0.00020035594117450006,0.5072565079241941,0.06831162694855199,0.507256507924194
coslada,100.0,1.2333333333333334,2.263374485596708,3.0,27.0,14.618045285747149,2923.0138566219994,31375,6.001221753758195,16.663273597143146,0.0469778298876214,0.0575488033110721,0.18002827748029598,0.210851975249881,292301.38566219993,1461.8045285747148,4610986.473282022,7.37424702165092,0.00040908196491044836,0.44562820797442837,0.06001221753758194,0.44562820797442826
coslada,120.0,1.2629629629629628,2.571875,3.0,44.0,8.768717477808387,2326.848161636511,31375,4.522194935989911,22.11315553961407,0.0469778298876214,0.0575488033110721,0.18002827748029598,0.210851975249881,279221.77939638135,1052.2460973370064,10857189.963555647,8.699437159899752,0.0009632386972794505,0.3358012265042885,0.045221949359899115,0.3358012265042885
el-escorial,30.0,1.0,2.0,1.0,1.0,14.285714285714286,2285.714285714286,9134,7.500000000000001,13.333333333333332,0.07328709809442539,0.06983715535802851,0.23201091794818499,0.216901408450704,68571.42857142858,428.5714285714286,1107483.5502406787,5.754903188939443,9.825479850431693e-05,0.5569218564061881,0.07500000000000001,0.556921856406188
el-escorial,50.0,2.0,2.0,1.0,1.0,18.75,3053.703703703704,9134,7.368101879927227,13.57201646090535,0.07328709809442539,0.06983715535802851,0.23201091794818499,0.216901408450704,152685.1851851852,937.5,2591905.4375692056,5.819305693634231,0.00022995117756400207,0.5471275969545326,0.07368101879927227,0.5471275969545326
el-escorial,80.0,1.6555555555555557,1.8631944444444444,3.0,16.0,11.889666977902271,3245.368012448538,9134,4.3962966045007095,22.746417950423314,0.07328709809442539,0.06983715535802851,0.23201091794818499,0.216901408450704,259629.44099588305,951.1733582321817,29888939.99751607,7.804115268112751,0.0026517159341331517,0.32645248883876743,0.043962966045007094,0.32645248883876743
el-escorial,100.0,1.0222222222222221,1.969638888888889,2.0,50.0,9.97540068979509,2780.5384957280307,9134,4.305094443448756,23.228294132356194,0.07328709809442539,0.06983715535802851,0.23201091794818499,0.216901408450704,278053.84957280307,997.5400689795091,35395698.20956573,7.888723035973587,0.0031402698439581306,0.31968015859325943,0.043050944434487565,0.31968015859325943
el-escorial,120.0,2.2091645622895624,2.3968701095461658,11.0,71.0,7.203320156625347,2078.400923871943,9134,4.158958980756785,24.044478549245873,0.07328709809442539,0.06983715535802851,0.23201091794818499,0.216901408450704,249408.11086463317,864.3984187950416,37643529.20760652,8.028706793679248,0.0033396950920679177,0.30882868750403414,0.04158958980756785,0.30882868750403414
fuencarral,30.0,1.2745833333333334,1.2111111111111112,10.0,3.0,27.076045151751288,4683.912483912484,105838,6.936776528958867,14.415917765626636,0.0361754097421128,0.060543112910348605,0.13713253407784498,0.280240420736289,140517.37451737453,812.2813545525387,895979.4328620032,7.48868966766574,7.949037132040169e-05,0.5150989949310193,0.06936776528958867,0.5150989949310193
fuencarral,50.0,1.6740143369175629,1.5277298850574712,31.0,29.0,24.98277563724231,4423.114864738169,105838,6.7778775097366655,14.753881263912838,0.0361754097421128,0.060543112910348605,0.13713253407784498,0.280240420736289,221155.74323690843,1249.1387818621154,1472747.674426819,7.608902886862046,0.00013066065492987344,0.5032997500288392,0.06777877509736666,0.5032997500288392
fuencarral,80.0,1.4421139359698683,1.6985964912280702,59.0,95.0,20.068687666089488,4879.026356514826,105838,4.9359079946659445,20.259696920620552,0.0361754097421128,0.060543112910348605,0.13713253407784498,0.280240420736289,390322.1085211861,1605.495013287159,5273984.160086954,9.343684417837743,0.0004679024359790163,0.36652200579193367,0.049359079946659445,0.3665220057919336
fuencarral,100.0,1.712814465408805,2.0213615023474176,53.0,71.0,18.4042342989694,5784.02882919831,105838,3.8182868396636884,26.189755824842095,0.0361754097421128,0.060543112910348605,0.13713253407784498,0.280240420736289,578402.882919831,1840.42342989694,16745924.980788125,10.860574304829674,0.001485681195353351,0.2835316526715757,0.038182868396636885,0.2835316526715757
fuencarral,120.0,1.5453968253968253,2.0289025821596245,70.0,142.0,15.24713666588131,5334.834642385805,105838,3.429640321686732,29.157576486276845,0.0361754097421128,0.060543112910348605,0.13713253407784498,0.280240420736289,640180.1570862966,1829.6563999057573,27140521.77613916,11.521447210546802,0.0024078791037908,0.25467222063457207,0.03429640321686732,0.254672220634572
fuenlabrada,50.0,1.3,1.8067307692307693,1.0,13.0,14.655172413793103,3066.935415042398,71270,5.734130171211515,17.439436673770498,0.0405477847002835,0.0584755437823389,0.137251099315747,0.265412748171369,153346.7707521199,732.7586206896551,1444701.6888892394,8.50040923919379,0.0001281724440149113,0.4257949893101132,0.05734130171211515,0.4257949893101132
fuenlabrada,80.0,1.0010416666666666,1.835176107480029,1.0,153.0,16.25,2369.6459309822603,71270,8.2290774942554,12.152030415293643,0.0405477847002835,0.0584755437823389,0.137251099315747,0.265412748171369,189571.67447858083,1300.0,904777.3006654406,6.629680395468266,8.02709090792754e-05,0.6110604152814798,0.08229077494255399,0.6110604152814797
fuenlabrada,100.0,1.2435185185185185,1.937685185185185,6.0,60.0,12.074741946825567,2293.9223100537924,71270,6.3165566997126845,15.831410173924128,0.0405477847002835,0.0584755437823389,0.137251099315747,0.265412748171369,229392.23100537923,1207.4741946825566,1757372.1324531552,7.977552195433393,0.00015591224333197707,0.46904379777319094,0.06316556699712685,0.46904379777319094
fuenlabrada,120.0,1.5777777777777777,1.8061213991769547,3.0,54.0,7.709002042602859,2238.999843242207,71270,4.131667306294989,24.20330403845452,0.0405477847002835,0.0584755437823389,0.137251099315747,0.265412748171369,268679.98118906486,925.080245112343,6041487.778836495,10.380578269244085,0.0005359945655597961,0.3068021101699412,0.04131667306294989,0.3068021101699412
galapagar,50.0,1.5222222222222221,2.466666666666667,3.0,4.0,17.13103448275862,3087.6665360501565,14860,6.657856714542702,15.019848622090471,0.05672239132974,0.0780939116530852,0.201063264221159,0.350386455649613,154383.32680250783,856.5517241379309,2419178.564886407,6.5939525779850205,0.00021462702754114984,0.49438745615327,0.06657856714542702,0.49438745615327
galapagar,80.0,1.8555555555555554,2.870164609053498,6.0,27.0,13.415447499386772,2543.0471282695944,14860,6.330412370382733,15.796759223436506,0.05672239132974,0.0780939116530852,0.201063264221159,0.350386455649613,203443.77026156755,1073.2357999509418,3675593.7535869144,6.802035857863208,0.00032609488742647613,0.4700726678840331,0.06330412370382733,0.4700726678840331
galapagar,100.0,2.9545454545454546,1.8566239316239317,11.0,26.0,15.169011892899706,2439.1820923533855,14860,7.462671330912037,13.400027358270203,0.05672239132974,0.0780939116530852,0.201063264221159,0.350386455649613,243918.20923533855,1516.9011892899705,2840725.324366214,6.13278902695084,0.00025202622132947745,0.5541499695147691,0.07462671330912037,0.5541499695147691
galapagar,120.0,3.4555555555555557,2.1908333333333334,13.0,110.0,9.608718710439359,2320.580704347985,14860,4.968783214875068,20.12565162847708,0.05672239132974,0.0780939116530852,0.201063264221159,0.350386455649613,278469.6845217582,1153.046245252723,11119702.857345976,7.8353545222586085,0.0009865285705046994,0.3689631962810839,0.04968783214875069,0.368963196281084
getafe,30.0,1.5333333333333334,1.5104166666666665,1.0,2.0,17.6,2600.8403361344535,80109,8.120452342487885,12.31458492487904,0.0414537030336736,0.056885207857498496,0.19321998122943398,0.239960374914272,78025.2100840336,528.0,687094.1838504322,5.893106117528323,6.095828743735376e-05,0.6029943191248441,0.08120452342487884,0.6029943191248439
getafe,50.0,1.2042929292929294,2.97536231884058,11.0,23.0,19.535060279528288,2846.3968167036614,80109,8.23570072797566,12.142257629677136,0.0414537030336736,0.056885207857498496,0.19321998122943398,0.239960374914272,142319.84083518307,976.7530139764144,1215698.0939499105,5.837054959236727,0.00010785548122784496,0.6115522317639998,0.0823570072797566,0.6115522317639998
getafe,80.0,1.4036210317460316,1.9493055555555556,28.0,86.0,17.61513320507809,2677.1960300519945,80109,7.895633942682628,12.665227482167683,0.0414537030336736,0.056885207857498496,0.19321998122943398,0.239960374914272,214175.68240415957,1409.2106564062474,2006563.7555004505,6.005470668159701,0.00017802026715423136,0.5863001483816691,0.07895633942682628,0.5863001483816691
getafe,100.0,1.225631313131313,2.4518388106416276,11.0,71.0,12.841701811121407,2972.929394470375,80109,5.183453802168407,19.292156121496973,0.0414537030336736,0.056885207857498496,0.19321998122943398,0.239960374914272,297292.9394470375,1284.1701811121407,8980257.551875127,7.793521051844621,0.0007967191892688679,0.384903828546579,0.05183453802168408,0.38490382854657906
getafe,120.0,1.018611111111111,2.627991452991453,5.0,117.0,8.987305956729152,2602.421049116026,80109,4.144128465199082,24.130526077983454,0.0414537030336736,0.056885207857498496,0.19321998122943398,0.239960374914272,312290.5258939231,1078.4767148074982,22175082.90524689,8.814952062000495,0.001967350487687205,0.3077274290699199,0.041441284651990824,0.3077274290699199
hortaleza,30.0,1.2171874999999999,2.1370370370370373,8.0,15.0,33.56963686096963,8396.863097915728,84725,4.797453973396655,20.844389660542966,0.0412059128878771,0.0563117832617323,0.148889239010556,0.255976034725194,251905.89293747183,1007.0891058290889,4546736.825729593,9.172091902120162,0.00040338180243592177,0.3562409297183077,0.04797453973396655,0.3562409297183077
hortaleza,50.0,1.4381313131313131,1.9631944444444445,55.0,32.0,30.915060762609432,4936.0227922092745,84725,7.5157823366789795,13.305334763617875,0.0412059128878771,0.0563117832617323,0.148889239010556,0.255976034725194,246801.13961046372,1545.7530381304716,1564473.7502589717,6.869600644118491,0.00013879849778679104,0.5580937935050793,0.07515782336678979,0.5580937935050791
hortaleza,80.0,1.3174368686868687,2.1597853535353533,110.0,88.0,22.636805385725445,4844.259588715867,84725,5.60749604049838,17.833271620306352,0.0412059128878771,0.0563117832617323,0.148889239010556,0.255976034725194,387540.76709726936,1810.9444308580355,4605472.828502813,8.338523594055893,0.00040859280003148664,0.41639161395529417,0.056074960404983804,0.41639161395529417
hortaleza,100.0,1.5383818342151676,1.8621331236897276,63.0,53.0,19.118487663987782,4305.034599667539,84725,5.329152336791225,18.76471034795221,0.0412059128878771,0.0563117832617323,0.148889239010556,0.255976034725194,430503.45996675384,1911.8487663987783,5822089.673253661,8.60682407752529,0.000516529791882945,0.3957228549969525,0.05329152336791225,0.3957228549969525
hortaleza,120.0,1.4266093474426806,2.4115803303303305,63.0,148.0,16.06450546466366,5106.21487129995,84725,3.775283070429959,26.488080002067555,0.0412059128878771,0.0563117832617323,0.148889239010556,0.255976034725194,612745.784555994,1927.7406557596394,24206561.376410417,10.514286468426036,0.0021475811627222,0.28033835413902747,0.03775283070429959,0.28033835413902747
la-moraleja,80.0,1.5433333333333334,1.3466666666666667,10.0,5.0,24.465350877192982,8900.488115449914,9952,3.2985180893247597,30.316644411815556,0.060405937822088,0.0670290995306545,0.19949549691583102,0.265530743994073,712039.0492359932,1957.2280701754385,176797834.31222337,9.735225154932397,0.01568532154050685,0.2449355756928183,0.0329851808932476,0.2449355756928183
la-moraleja,100.0,1.7383771929824563,1.730864197530864,19.0,9.0,23.82432619857993,6289.632603945577,9952,4.545446966228441,22.00003668351551,0.060405937822088,0.0670290995306545,0.19949549691583102,0.265530743994073,628963.2603945577,2382.432619857993,34403122.158115,8.259665193034749,0.00305220952025011,0.3375278350170425,0.04545446966228441,0.3375278350170425
la-moraleja,120.0,1.8463610115491835,2.2172175141242936,279.0,295.0,18.432079835152514,6152.271985044279,9952,3.5951752224140052,27.815055960709007,0.060405937822088,0.0670290995306545,0.19949549691583102,0.265530743994073,738272.6382053135,2211.8495802183015,116296825.97507697,9.331491095608476,0.010317734471441622,0.26696422119631164,0.03595175222414005,0.26696422119631164
las-rozas-de-madrid,30.0,1.2666666666666666,2.4333333333333336,2.0,4.0,23.397435897435898,5123.732718894009,35766,5.479779023872202,18.2489110535951,0.0598573031914432,0.0420994287329548,0.205526808814346,0.159783612613801,153711.98156682026,701.9230769230769,4656903.644870252,7.3367606987305685,0.00041315568902247624,0.40690782755607935,0.05479779023872202,0.40690782755607935
las-rozas-de-madrid,50.0,2.0212301587301584,1.8751068376068376,7.0,13.0,18.629143688823493,4226.985631599755,35766,5.28863222516507,18.90848063213145,0.0598573031914432,0.0420994287329548,0.205526808814346,0.159783612613801,211349.28157998776,931.4571844411747,7243227.1079981215,7.487284465833911,0.0006426116395703564,0.39271398355846926,0.05288632225165071,0.39271398355846926
las-rozas-de-madrid,80.0,1.2514467592592593,1.672170781893004,24.0,27.0,16.883903846747135,4118.674573928628,35766,4.919224437965431,20.32840771163504,0.0598573031914432,0.0420994287329548,0.205526808814346,0.159783612613801,329493.9659142902,1350.7123077397707,14724617.845493268,7.797638660066928,0.0013063529107476125,0.36528314747605256,0.049192244379654304,0.3652831474760525
las-rozas-de-madrid,100.0,1.248726851851852,1.874890350877193,12.0,38.0,15.40089496679704,4576.158271299321,35766,4.038556549948406,24.761322210847226,0.0598573031914432,0.0420994287329548,0.205526808814346,0.159783612613801,457615.8271299321,1540.089496679704,46832542.8742201,8.664750411267404,0.00415493490856029,0.2998880547998181,0.04038556549948406,0.2998880547998181
las-rozas-de-madrid,120.0,1.3897875816993466,2.1228070175438596,34.0,323.0,12.204998667551713,3060.013985923248,35766,4.786252111407641,20.893174382030185,0.0598573031914432,0.0420994287329548,0.205526808814346,0.159783612613801,367201.67831078975,1464.5998401062056,18236740.40678573,7.9162433509647006,0.001617944802570532,0.35540912148175735,0.047862521114076406,0.3554091214817573
latina,30.0,1.445135459533608,1.9111111111111112,27.0,6.0,32.141297420335086,4366.233658582797,106407,8.833598913925531,11.320414360488702,0.0578802453791375,0.0794147932547283,0.239735099337748,0.390513833992095,130987.00975748392,964.2389226100526,1491935.3869352655,5.105614667917783,0.00013236296899662997,0.6559499074521457,0.08833598913925533,0.6559499074521458
latina,50.0,1.3036043906810035,2.133531746031746,31.0,28.0,23.29507641432374,3289.006255954423,106407,8.499251604213384,11.765741815482484,0.0578802453791375,0.0794147932547283,0.239735099337748,0.390513833992095,164450.31279772116,1164.753820716187,2061191.8244076748,5.2374950895693795,0.00018286681309343994,0.6311225308642385,0.08499251604213384,0.6311225308642385
latina,80.0,1.3805982905982908,1.8298093971631206,65.0,188.0,18.32031418726824,3212.2202387124753,106407,6.843981853975769,14.61137713886669,0.0578802453791375,0.0794147932547283,0.239735099337748,0.390513833992095,256977.619096998,1465.6251349814593,5936890.169060589,6.001994663785274,0.0005267147734849327,0.5082084105768598,0.06843981853975768,0.5082084105768598
latina,100.0,1.2277777777777779,1.9871575342465753,18.0,73.0,16.320699801688598,3219.3724067183,106407,6.083434063470253,16.438083976364442,0.0578802453791375,0.0794147932547283,0.239735099337748,0.390513833992095,321937.24067183,1632.0699801688597,11013350.617103737,6.4338820923126905,0.000977093109424295,0.45173298559366565,0.060834340634702534,0.4517329855936657
latina,120.0,1.2869444444444444,1.76494708994709,5.0,42.0,15.227443831130467,3371.25496975845,106407,5.420216732721885,18.44944675298671,0.0578802453791375,0.0794147932547283,0.239735099337748,0.390513833992095,404550.596371014,1827.293259735656,21322560.89842174,6.867209637113815,0.0018917156143900822,0.40248495532151396,0.054202167327218845,0.4024849553215139
leganes,30.0,1.6222222222222225,1.6,3.0,5.0,26.2468671679198,4153.914595208713,77871,7.582303362190632,13.188604467957958,0.044644320411190305,0.06255916653120171,0.160763005514177,0.279832068464395,124617.43785626139,787.406015037594,890135.2514270446,6.633005816297851,7.897188157020202e-05,0.5630333952408116,0.0758230336219063,0.5630333952408114
leganes,50.0,1.1866666666666668,1.929022988505747,5.0,29.0,19.173247863247862,3293.7002783636203,77871,6.9854253548924135,14.31552051872726,0.044644320411190305,0.06255916653120171,0.160763005514177,0.279832068464395,164685.013918181,958.6623931623931,1391527.5800503183,7.011591629691875,0.00012345489191359168,0.5187114741911383,0.06985425354892413,0.5187114741911383
leganes,80.0,1.287962962962963,1.680726320582878,9.0,122.0,13.619892906657613,2657.5911310824627,77871,6.149881859867631,16.260474961734044,0.044644320411190305,0.06255916653120171,0.160763005514177,0.279832068464395,212607.29048659702,1089.5914325326091,2400707.016718186,7.618588717744924,0.00021298825083612615,0.4566671496101628,0.06149881859867631,0.45666714961016275
leganes,100.0,1.1916666666666667,2.0497395833333334,3.0,64.0,13.358674463937623,2910.5095619416898,77871,5.5077672880176936,18.156177407413868,0.044644320411190305,0.06255916653120171,0.160763005514177,0.279832068464395,291050.956194169,1335.8674463937623,4359779.8648411725,8.161648361068947,0.0003867951736619963,0.4089861310261452,0.05507767288017694,0.4089861310261452
leganes,120.0,1.0458333333333334,2.1240143369175626,4.0,93.0,10.37350335249042,2339.3059125835357,77871,5.321323712314596,18.792316612609042,0.044644320411190305,0.06255916653120171,0.160763005514177,0.279832068464395,280716.7095100243,1244.8204022988505,4623274.834108619,8.334455714749025,0.00041017217561082687,0.39514153072006836,0.05321323712314596,0.3951415307200683
majadahonda,30.0,1.0194444444444444,1.0333333333333334,1.0,1.0,32.5,5222.222222222223,26047,7.468085106382978,13.390313390313391,0.035903390617222,0.044748101788385196,0.110895803344037,0.188636363636364,156666.6666666667,975.0,640555.4839613782,7.655250579271314,5.682942197541698e-05,0.5545519761661616,0.07468085106382978,0.5545519761661616
majadahonda,50.0,1.4,1.9666666666666668,2.0,2.0,25.872093023255815,5589.285714285714,26047,5.554647447804443,18.00294275013376,0.035903390617222,0.044748101788385196,0.110895803344037,0.188636363636364,279464.2857142857,1293.6046511627908,1856011.1903977194,9.435131212432141,0.00016466339883301596,0.41246727577508596,0.05554647447804444,0.412467275775086
majadahonda,80.0,1.1625,2.3043333333333336,10.0,25.0,16.500692207749594,3547.3429364563162,26047,5.581876633861603,17.915121841526428,0.035903390617222,0.044748101788385196,0.110895803344037,0.188636363636364,283787.4349165053,1320.0553766199675,1867395.7456437014,9.404175964949307,0.00016567342483431605,0.41448921295473695,0.055818766338616016,0.41448921295473684
majadahonda,100.0,1.075,1.6238562091503268,4.0,17.0,14.964108910891088,4441.341307922121,26047,4.043132344059918,24.733298712548407,0.035903390617222,0.044748101788385196,0.110895803344037,0.188636363636364,444134.1307922121,1496.4108910891089,5986405.998902813,11.54996904184962,0.0005311077668462016,0.30022783609996695,0.04043132344059918,0.3002278360999669
majadahonda,120.0,1.4681612060778728,2.0649909420289854,39.0,184.0,15.862598882641047,3860.7593917563504,26047,4.930407914001016,20.28229747807017,0.035903390617222,0.044748101788385196,0.110895803344037,0.188636363636364,463291.12701076205,1903.5118659169257,3910335.043301683,10.205212861096067,0.0003469208925771221,0.3661135904406942,0.04930407914001015,0.3661135904406941
moncloa,30.0,1.4235555555555555,1.502469135802469,25.0,9.0,40.439594856288906,6754.783782682334,56293,7.184169825237002,13.919492778234963,0.0581028759961834,0.0715153306584139,0.218280221027931,0.338550600343053,202643.51348047002,1213.1878456886673,3164391.042026409,6.0696652289877795,0.000280741510025681,0.5334694927744413,0.07184169825237004,0.5334694927744414
moncloa,50.0,1.483355734767025,2.0538011695906433,62.0,38.0,26.884493409234334,6638.4749511553555,56293,4.85975955749693,20.577149716334127,0.0581028759961834,0.0715153306584139,0.218280221027931,0.338550600343053,331923.7475577678,1344.2246704617166,19296172.02145508,7.626494509995929,0.0017119364829036785,0.3608675085931873,0.048597595574969295,0.3608675085931872
moncloa,80.0,1.8631298449612401,1.9805555555555554,86.0,73.0,24.84159292062282,6049.895616415398,56293,4.9273431137990364,20.294913037403415,0.0581028759961834,0.0715153306584139,0.218280221027931,0.338550600343053,483991.6493132318,1987.3274336498255,26611521.28379449,7.569354271837298,0.0023609467256324843,0.3658860098782941,0.04927343113799036,0.3658860098782941
moncloa,100.0,1.4945533769063182,2.0426366843033508,51.0,63.0,21.176936102318873,6202.459985836789,56293,4.097136197704016,24.40729211199734,0.0581028759961834,0.0715153306584139,0.218280221027931,0.338550600343053,620245.998583679,2117.6936102318873,76810531.26335323,8.344224385493767,0.006814551124168111,0.30423795962324146,0.04097136197704016,0.30423795962324146
moncloa,120.0,1.6403472222222224,2.0136213047910294,80.0,218.0,20.60994035802983,6331.612633287861,56293,3.906102577976738,25.600966181435375,0.0581028759961834,0.0715153306584139,0.218280221027931,0.338550600343053,759793.5159945433,2473.19284296358,119098579.62356406,8.548601230568003,0.010566303165875963,0.29005251987197356,0.03906102577976738,0.2900525198719735
moratalaz,30.0,1.1953703703703704,1.8,3.0,1.0,24.530423280423282,5000.0,41994,5.887301587301589,16.985710434079266,0.0530746163466146,0.0667000751480062,0.217478063337936,0.310090978540176,150000.0,735.9126984126984,4243356.47869296,6.857897091395475,0.00037646621090250704,0.43716892389641304,0.058873015873015876,0.43716892389641293
moratalaz,50.0,0.0,1.8760185185185183,0.0,15.0,0.0,3364.100777401997,41994,0.0,0.0,0.0530746163466146,0.0667000751480062,0.217478063337936,0.310090978540176,168205.03887009987,0.0,168205.03887009987,0.0,1.4922977590051624e-05,0.0,0.0,0.0
moratalaz,80.0,1.8982142857142856,1.6474747474747475,7.0,33.0,19.49955335064848,3634.1236662854562,41994,6.438818865153108,15.530798752733993,0.0530746163466146,0.0667000751480062,0.217478063337936,0.310090978540176,290729.8933028365,1559.9642680518784,6176885.198926201,6.503256297509067,0.000548006885043934,0.4781225273925671,0.06438818865153108,0.47812252739256705
moratalaz,100.0,1.2901041666666666,1.663,8.0,25.0,14.309959464488065,3583.185595716166,41994,4.792370056944691,20.866502129794547,0.0530746163466146,0.0667000751480062,0.217478063337936,0.310090978540176,358318.5595716166,1430.9959464488065,21754267.44133495,7.698145347518238,0.0019300161736875228,0.35586341715987546,0.047923700569446906,0.3558634171598754
moratalaz,120.0,1.2444444444444445,2.2363095238095236,3.0,14.0,11.352802215705443,3094.3914814380323,41994,4.40259829454916,22.713859705031368,0.0530746163466146,0.0667000751480062,0.217478063337936,0.310090978540176,371326.97777256387,1362.3362658846531,32427163.091331385,8.054048527482161,0.0028769044695182867,0.32692042869480475,0.04402598294549161,0.32692042869480475
mostoles,30.0,1.2666666666666666,1.6833333333333333,2.0,2.0,25.5,4317.252747252747,82769,7.087840761575076,14.108669108669108,0.052151937040343294,0.0646927373699221,0.188703105240972,0.298511186891791,129517.58241758242,765.0,1484275.2624744754,6.509448462287872,0.000131683370653838,0.526316457979712,0.07087840761575076,0.526316457979712
mostoles,50.0,1.7444444444444445,2.9899999999999998,3.0,10.0,17.069209039548024,2694.2743700286874,82769,7.602436884421512,13.153677106470216,0.052151937040343294,0.0646927373699221,0.188703105240972,0.298511186891791,134713.71850143437,853.4604519774012,1308889.7006021854,6.217552590256427,0.0001161233444678208,0.5645284350510539,0.07602436884421512,0.5645284350510539
mostoles,80.0,1.2172067901234567,2.0096850198412697,18.0,112.0,15.289558731723291,2529.6799453752647,82769,7.252882133018688,13.787622377696003,0.052151937040343294,0.0646927373699221,0.188703105240972,0.298511186891791,202374.39563002117,1223.1646985378634,2194013.0991422124,6.412953912071466,0.00019465057961827223,0.5385718109088053,0.0725288213301869,0.5385718109088055
mostoles,100.0,1.6859375,1.9289481897627965,8.0,89.0,10.636439463483388,2616.1057640186937,82769,4.878903418863787,20.496409011369256,0.052151937040343294,0.0646927373699221,0.188703105240972,0.298511186891791,261610.57640186936,1063.6439463483389,9044620.575832563,8.1554005052835,0.0008024294103811292,0.362289059901349,0.04878903418863787,0.36228905990134896
mostoles,120.0,1.2836111111111113,2.1972926731078903,5.0,138.0,10.18354562104562,2276.370172629494,82769,5.368307357119696,18.62784549162883,0.052151937040343294,0.0646927373699221,0.188703105240972,0.298511186891791,273164.42071553925,1222.0254745254745,6837223.493454551,7.720405676043571,0.0006065914175721755,0.3986303598781464,0.053683073571196956,0.3986303598781463
paracuellos-de-jarama,50.0,0.0,4.0,0.0,1.0,0.0,3498.0,9449,0.0,0.0,0.0576319747787144,0.051651794523575704,0.221842655381635,0.159028299524167,174900.0,0.0,174900.0,0.0,1.5516947637434826e-05,0.0,0.0,0.0
paracuellos-de-jarama,80.0,1.0194444444444444,2.219047619047619,1.0,7.0,14.117647058823529,3433.5297022237783,9449,4.9340410422592305,20.26736282562647,0.0576319747787144,0.051651794523575704,0.221842655381635,0.159028299524167,274682.3761779023,1129.4117647058824,15936799.14565489,7.504940586971687,0.0014138963856571926,0.3663833729119111,0.049340410422592296,0.366383372911911
paracuellos-de-jarama,100.0,0.0,2.1222222222222222,0.0,6.0,0.0,2979.693568248555,9449,0.0,0.0,0.0576319747787144,0.051651794523575704,0.221842655381635,0.159028299524167,297969.3568248555,0.0,297969.3568248555,0.0,2.6435534061814843e-05,0.0,0.0,0.0
paracuellos-de-jarama,120.0,1.3763888888888889,2.065916666666667,2.0,100.0,10.466207759699625,2284.261218552766,9449,5.498254406996766,18.187590569244243,0.0576319747787144,0.051651794523575704,0.221842655381635,0.159028299524167,274111.3462263319,1255.944931163955,10483959.763132323,7.067327596333264,0.0009301260987850078,0.4082797401784191,0.05498254406996767,0.4082797401784191
parla,30.0,0.0,2.0,0.0,1.0,0.0,2424.324324324324,47048,0.0,0.0,0.046235487338072596,0.0733597268627839,0.16714431133035798,0.302969575514666,72729.72972972972,0.0,72729.72972972972,0.0,6.452506620360223e-06,0.0,0.0,0.0
parla,50.0,1.0215277777777778,2.11300505050505,2.0,11.0,16.903030303030302,2471.6681543421014,47048,8.206456165243338,12.185527831553925,0.046235487338072596,0.0733597268627839,0.16714431133035798,0.302969575514666,123583.40771710507,845.1515151515151,812658.9663818656,6.186756444728284,7.209826545705727e-05,0.6093806402751102,0.0820645616524334,0.6093806402751102
parla,80.0,1.380952380952381,2.0517113095238093,14.0,112.0,13.316460170483703,1956.1142593869931,47048,8.169130268284112,12.241205209842313,0.046235487338072596,0.0733597268627839,0.16714431133035798,0.302969575514666,156489.14075095946,1065.3168136386962,1037933.8849722156,6.206553509365952,9.208442392357445e-05,0.6066089592315691,0.08169130268284111,0.606608959231569
parla,100.0,1.438095238095238,2.253269230769231,7.0,65.0,10.184771178943041,2166.2707567923053,47048,5.641827263009777,17.724753938434556,0.046235487338072596,0.0733597268627839,0.16714431133035798,0.302969575514666,216627.07567923053,1018.4771178943041,3353350.9236662406,7.908503186355903,0.00029750583586319473,0.418940921711793,0.05641827263009777,0.418940921711793
parla,120.0,1.0381944444444444,2.704022988505747,4.0,87.0,8.07785234899329,1787.5501046721943,47048,5.422741882007024,18.440855599600983,0.046235487338072596,0.0733597268627839,0.16714431133035798,0.302969575514666,214506.0125606633,969.3422818791947,3709144.4262611847,8.101039144498442,0.00032907146850759313,0.4026724634318583,0.05422741882007024,0.40267246343185825
pinto,30.0,1.1333333333333333,0.0,1.0,0.0,26.5625,0.0,21299,0.0,0.0,0.0204411920607336,0.0337880157283057,0.0879896997892798,0.155381204161692,0.0,796.875,0.0,-1.0,0.0,0.0,0.0,0.0
pinto,50.0,1.5533333333333332,4.15,5.0,4.0,17.078577493775455,2638.951037449393,21299,7.766075498065608,12.876516591283234,0.0204411920607336,0.0337880157283057,0.0879896997892798,0.155381204161692,131947.55187246966,853.9288746887728,390841.7718655544,7.982743100901708,3.467507895117241e-05,0.5766796244497746,0.07766075498065607,0.5766796244497744
pinto,80.0,1.1,3.419769503546099,4.0,47.0,12.606696014828545,2678.027663359352,21299,5.64894658288087,17.702415580110095,0.0204411920607336,0.0337880157283057,0.0879896997892798,0.155381204161692,214242.21306874818,1008.5356811862836,953349.6023451738,10.135567618592207,8.458019359496498e-05,0.41946957569032084,0.056489465828808705,0.4194695756903208
pinto,100.0,1.214351851851852,1.6473765432098766,3.0,18.0,12.258454106280192,2780.2986741476307,21299,5.290850606921212,18.900552563171086,0.0204411920607336,0.0337880157283057,0.0879896997892798,0.155381204161692,278029.8674147631,1225.8454106280192,1368737.3061864644,10.614538561076836,0.00012143296231846179,0.392878712263249,0.052908506069212116,0.39287871226324894
pinto,120.0,1.0666666666666667,2.1670964714714716,1.0,37.0,4.714285714285714,2199.750397034713,21299,2.571720348258032,38.88447671526008,0.0204411920607336,0.0337880157283057,0.0879896997892798,0.155381204161692,263970.0476441656,565.7142857142858,7009551.080057369,16.62640003041888,0.0006218801433457685,0.19096630273459086,0.025717203482580324,0.19096630273459086
pozuelo-de-alarcon,30.0,1.0430555555555556,1.5333333333333334,2.0,1.0,39.440993788819874,6638.888888888889,30959,7.129083396138154,14.027048702245551,0.0563382275339276,0.0655924212437986,0.203130520232566,0.239843899942422,199166.66666666666,1183.2298136645961,2665430.8750329595,6.288808476186033,0.00023647427855396524,0.5293789812602389,0.07129083396138154,0.5293789812602389
pozuelo-de-alarcon,50.0,1.6231481481481482,1.7041666666666666,6.0,8.0,23.717521857227737,4392.945312840283,30959,6.478802762575629,15.434950509319918,0.0563382275339276,0.0655924212437986,0.203130520232566,0.239843899942422,219647.26564201416,1185.876092861387,3813721.959534414,6.676341169450854,0.0003383494794158424,0.4810915815764211,0.06478802762575629,0.48109158157642107
pozuelo-de-alarcon,80.0,1.33125,1.7059895833333334,16.0,32.0,20.586689342121687,5143.408645779784,30959,4.803045783814186,20.820122168518697,0.0563382275339276,0.0655924212437986,0.203130520232566,0.239843899942422,411472.6916623827,1646.935147369735,19340253.215217046,7.94547247254253,0.0017158473209562804,0.3566561565767614,0.04803045783814186,0.35665615657676136
pozuelo-de-alarcon,100.0,1.5371031746031747,1.8772685185185185,14.0,30.0,17.790334814171683,4770.131816502085,30959,4.475432251819972,22.34421043002811,0.0563382275339276,0.0655924212437986,0.203130520232566,0.239843899942422,477013.1816502085,1779.0334814171683,29720439.596731026,8.256500890465327,0.002636766752338593,0.3323288050538273,0.04475432251819972,0.3323288050538273
pozuelo-de-alarcon,120.0,1.7465578505856283,2.3760696040868456,117.0,348.0,17.692764850094537,4777.169383600011,30959,4.444330128422997,22.500578739744405,0.0563382275339276,0.0655924212437986,0.203130520232566,0.239843899942422,573260.3260320014,2123.1317820113445,36765045.07551466,8.287422812543667,0.0032617568857901203,0.33001927808043824,0.044443301284229964,0.33001927808043824
puente-de-vallecas,30.0,1.2951851851851852,2.0122881355932205,15.0,59.0,33.08939223057644,3284.991564037727,98903,12.087480257600964,8.27302281938513,0.0625124672362077,0.0694262738613749,0.255804508224464,0.32877066115702497,98549.74692113181,992.6817669172933,648693.8631996402,3.990151844159289,5.7551450588874364e-05,0.8975709259115034,0.12087480257600962,0.8975709259115032
puente-de-vallecas,50.0,1.3025839793281655,2.399129746835443,43.0,158.0,20.28727696022834,3144.703815892291,98903,7.741502468131911,12.917389151737988,0.0625124672362077,0.0694262738613749,0.255804508224464,0.32877066115702497,157235.19079461455,1014.363848011417,2981015.3338484215,5.408129156696753,0.0002644726062991209,0.5748549234566813,0.07741502468131911,0.5748549234566813
puente-de-vallecas,80.0,1.3148148148148147,2.1182608695652174,45.0,230.0,17.574782800228444,2647.8783901783404,98903,7.96476886495293,12.555292149157799,0.0625124672362077,0.0694262738613749,0.255804508224464,0.32877066115702497,211830.27121426724,1405.9826240182756,3698137.9452753635,5.312622313981253,0.00032809498486477206,0.5914338482821057,0.0796476886495293,0.5914338482821057
puente-de-vallecas,100.0,1.3168803418803419,2.0034477124183008,13.0,85.0,11.924700969339941,2577.0278311164143,98903,5.552769353293612,18.00903182493709,0.0625124672362077,0.0694262738613749,0.255804508224464,0.32877066115702497,257702.78311164142,1192.4700969339942,15581498.987942846,6.568732157065187,0.0013823745220620518,0.41232781552422215,0.05552769353293612,0.41232781552422215
puente-de-vallecas,120.0,1.0918650793650795,1.8329945799457994,7.0,41.0,11.205849705849705,2371.6435557149016,98903,5.669915959595461,17.636945717116912,0.0625124672362077,0.0694262738613749,0.255804508224464,0.32877066115702497,284597.2266857882,1344.7019647019645,15809323.074540025,6.493562745783061,0.00140258684008535,0.42102668291799694,0.05669915959595461,0.4210266829179969
retiro,30.0,1.4982142857142857,1.6285714285714286,14.0,7.0,43.34367485307335,6989.184981684982,55620,7.441841925773246,13.437533475908852,0.06130179243331629,0.0778450105530087,0.22838281234650398,0.38153023447141104,209675.54945054944,1300.3102455922005,3326387.1342636147,5.82247555090816,0.0002951136362733299,0.5526032560510716,0.07441841925773246,0.5526032560510715
retiro,50.0,1.4559811827956988,2.0580128205128205,62.0,39.0,32.70573873347474,7605.589678142986,55620,5.160268715647093,19.37883577589236,0.06130179243331629,0.0778450105530087,0.22838281234650398,0.38153023447141104,380279.4839071493,1635.286936673737,20477955.76380666,7.221566622826131,0.0018167831178313013,0.38318219102306056,0.05160268715647093,0.3831821910230605
retiro,80.0,1.6107957859434237,1.7198703703703704,127.0,75.0,28.36766394019329,7627.065093300226,55620,4.463210463240237,22.405396479421498,0.06130179243331629,0.0778450105530087,0.22838281234650398,0.38153023447141104,610165.2074640181,2269.413115215463,61235758.92957554,7.804501952847749,0.005432773383926848,0.33142126089590335,0.04463210463240237,0.3314212608959033
retiro,100.0,1.52627002002002,2.0807728647014363,74.0,147.0,23.868242424914833,7855.536820576125,55620,3.646076845426485,27.42673954484437,0.06130179243331629,0.0778450105530087,0.22838281234650398,0.38153023447141104,785553.6820576125,2386.8242424914833,221466909.19387037,8.639848493848753,0.019648315799804573,0.2707439847139381,0.03646076845426485,0.27074398471393807
retiro,120.0,1.7095959595959596,2.88428952991453,132.0,260.0,23.39570935750318,9262.709499664446,55620,3.030954520383141,32.99290679800734,0.06130179243331629,0.0778450105530087,0.22838281234650398,0.38153023447141104,1111525.1399597335,2807.4851229003816,984688247.7636819,9.423880959676268,0.08736052589906519,0.2250673090899341,0.030309545203831407,0.22506730908993408
rivas-vaciamadrid,30.0,1.0898148148148148,0.0,3.0,0.0,29.418245614035087,0.0,35545,0.0,0.0,0.051854290693797406,0.0682374374495431,0.171596020171732,0.313073094052921,0.0,882.5473684210526,0.0,-1.0,0.0,0.0,0.0,0.0
rivas-vaciamadrid,50.0,1.15,0.0,2.0,0.0,17.1734693877551,0.0,35545,0.0,0.0,0.051854290693797406,0.0682374374495431,0.171596020171732,0.313073094052921,0.0,858.6734693877551,0.0,-1.0,0.0,0.0,0.0,0.0
rivas-vaciamadrid,80.0,1.55,2.1435897435897435,4.0,13.0,16.716548295454547,3650.6943148440437,35545,5.494806254519945,18.199003817057516,0.051854290693797406,0.0682374374495431,0.171596020171732,0.313073094052921,292055.5451875235,1337.3238636363637,5213801.565022402,7.944740224541883,0.0004625630982071376,0.40802369331461075,0.054948062545199454,0.4080236933146107
rivas-vaciamadrid,100.0,1.8125,1.4953216374269005,9.0,19.0,12.03900532276794,2999.4695107309512,35545,4.816453821462894,20.76216314052133,0.051854290693797406,0.0682374374495431,0.171596020171732,0.313073094052921,299946.95107309514,1203.900532276794,8035671.558651612,8.584800736845649,0.0007129164940378579,0.35765178713917245,0.04816453821462894,0.3576517871391724
rivas-vaciamadrid,120.0,1.2055555555555555,1.751457840819543,8.0,141.0,10.042134747062315,2571.1575543103063,35545,4.686823518952829,21.33641251811907,0.051854290693797406,0.0682374374495431,0.171596020171732,0.313073094052921,308538.9065172367,1205.0561696474779,9052808.239715436,8.719719667874621,0.0008031558114774326,0.3480259273097856,0.04686823518952829,0.3480259273097856
san-blas,30.0,1.48,1.2625,5.0,6.0,30.979563492063495,4908.37537754643,66970,7.573886129519957,13.20326161364379,0.036673123992091904,0.054866159121921304,0.164985348654847,0.282953715386148,147251.2613263929,929.3869047619048,1105873.506703694,6.572338490286605,9.811195710204487e-05,0.5624083631281777,0.07573886129519958,0.5624083631281777
san-blas,50.0,1.5088927469135802,1.9055401234567901,48.0,90.0,20.95691841622104,3716.413205545382,66970,6.766820778147231,14.777988553049902,0.036673123992091904,0.054866159121921304,0.164985348654847,0.282953715386148,185820.6602772691,1047.8459208110519,1774912.9159265654,7.086870824224691,0.00015746844355311193,0.5024787186311629,0.06766820778147231,0.5024787186311628
san-blas,80.0,1.559325396825397,2.290254435107376,42.0,119.0,17.387001014391316,3792.1940576209067,66970,5.501933946481419,18.17542721754261,0.036673123992091904,0.054866159121921304,0.164985348654847,0.282953715386148,303375.52460967255,1390.9600811513053,4868366.868666948,8.075879920245844,0.000431916488169969,0.4085529689731541,0.05501933946481419,0.4085529689731541
san-blas,100.0,1.460185185185185,2.1161458333333334,18.0,80.0,15.199607395175418,3951.265216010742,66970,4.616123665984995,21.663197790144526,0.036673123992091904,0.054866159121921304,0.164985348654847,0.282953715386148,395126.5216010742,1519.9607395175417,10800640.236265615,8.956302959805885,0.0009582216637901958,0.3427760215281202,0.046161236659849954,0.3427760215281202
san-blas,120.0,1.6097222222222223,2.0967592592592594,9.0,45.0,14.683267935273282,3369.961140795833,66970,5.228523649434992,19.125857833846894,0.036673123992091904,0.054866159121921304,0.164985348654847,0.282953715386148,404395.33689549996,1761.9921522327938,7503120.062713983,8.327767394252723,0.0006656690745026848,0.3882505462809323,0.05228523649434993,0.38825054628093236
san-lorenzo-de-el-escorial,30.0,2.0,1.1666666666666667,1.0,1.0,20.294117647058822,5833.333333333333,9503,4.174789915966386,23.95330112721417,0.0629586345830903,0.0676619697420117,0.204424949387834,0.20404040404040402,175000.0,608.8235294117646,15065361.721632412,8.53958869286045,0.0013365833560525164,0.3100042333474444,0.041747899159663863,0.3100042333474444
san-lorenzo-de-el-escorial,50.0,1.7833333333333332,1.8174603174603174,2.0,7.0,16.019607843137255,2623.448429877001,9503,7.3275804444404455,13.647069555663714,0.0629586345830903,0.0676619697420117,0.204424949387834,0.20404040404040402,131172.42149385007,800.9803921568628,1660539.881586431,6.1628906018604575,0.00014732138589164596,0.544118627211127,0.07327580444440446,0.544118627211127
san-lorenzo-de-el-escorial,80.0,1.2733333333333334,1.9115079365079366,5.0,28.0,12.77429718875502,2622.9191219284294,9503,5.844311590986337,17.110655111926217,0.0629586345830903,0.0676619697420117,0.204424949387834,0.20404040404040402,209833.52975427435,1021.9437751004016,5059052.810525724,7.083765064388647,0.00044883394829013803,0.4339766480891083,0.05844311590986336,0.43397664808910824
san-lorenzo-de-el-escorial,100.0,1.9444444444444444,2.437037037037037,3.0,12.0,14.166666666666666,3406.9826003241724,9503,4.989752515431825,20.041074119553954,0.0629586345830903,0.0676619697420117,0.204424949387834,0.20404040404040402,340698.26003241725,1416.6666666666665,14167157.99707971,7.755978991753757,0.0012568956478670778,0.3705202978535651,0.04989752515431826,0.3705202978535651
san-lorenzo-de-el-escorial,120.0,2.1,2.0937026515151516,10.0,88.0,9.331835443609865,2224.8947422225588,9503,5.033138116522939,19.86832025763747,0.0629586345830903,0.0676619697420117,0.204424949387834,0.20404040404040402,266987.36906670703,1119.8202532331838,10750991.658239236,7.718598354907403,0.000953816893146923,0.37374194978702663,0.05033138116522938,0.3737419497870265
san-sebastian-de-los-reyes,30.0,1.2583333333333333,1.6386243386243386,20.0,21.0,27.569505335469984,5903.223254933419,32625,5.604295310179171,17.843456574882556,0.0369738427318216,0.0652925357786889,0.17650884495317398,0.298173288790959,177096.6976480026,827.0851600640995,3220125.415591792,7.754118132071234,0.0002856862061733041,0.41615393973246356,0.05604295310179171,0.41615393973246356
san-sebastian-de-los-reyes,50.0,1.2938888888888889,1.9324074074074074,35.0,36.0,21.716377904375737,3764.9229217547336,32625,6.921696413669248,14.447325341012636,0.0369738427318216,0.0652925357786889,0.17650884495317398,0.298173288790959,188246.14608773668,1085.8188952187868,1970778.7263978585,6.794272890415458,0.0001748454562749346,0.5139792021574309,0.06921696413669247,0.5139792021574306
san-sebastian-de-los-reyes,80.0,1.6006436314363142,2.6414141414141414,41.0,77.0,16.232254509968527,3417.216364746623,32625,5.700167426596801,17.543344346940263,0.0369738427318216,0.0652925357786889,0.17650884495317398,0.298173288790959,273377.30917972984,1298.5803607974822,4734109.582847294,7.675078015379235,0.00042000532022252654,0.4232730433395165,0.057001674265968,0.4232730433395164
san-sebastian-de-los-reyes,100.0,1.5285714285714287,2.0326171875,21.0,64.0,16.690989767149297,3433.22542500785,32625,5.833927354342997,17.14111162621115,0.0369738427318216,0.0652925357786889,0.17650884495317398,0.298173288790959,343322.54250078497,1669.0989767149297,5569067.273729211,7.567524392138624,0.0004940819055220588,0.43320555364260566,0.05833927354342997,0.43320555364260566
san-sebastian-de-los-reyes,120.0,1.2228174603174602,2.134577922077922,14.0,77.0,13.559050871651815,3199.367266508479,32625,5.085649658389745,19.663171220422353,0.0369738427318216,0.0652925357786889,0.17650884495317398,0.298173288790959,383924.0719810175,1627.0861045982178,9383627.945858207,8.212777306539785,0.0008325057946543848,0.3776412598375883,0.050856496583897445,0.3776412598375883
tetuan,30.0,1.4380663970932956,1.974751984126984,79.0,56.0,38.699656457943725,5590.552318586498,80548,8.306797808713496,12.038333218500158,0.055431968222611004,0.0758380975110388,0.23968183369708002,0.369465889396565,167716.56955759492,1160.9896937383116,2227797.4254924743,5.316909873355272,0.00019764789021257197,0.6168316341892766,0.08306797808713495,0.6168316341892764
tetuan,50.0,1.5170587453482192,2.1518479284369114,209.0,118.0,30.63871942809145,5200.196769290513,80548,7.070206175818605,14.14385910583743,0.055431968222611004,0.0758380975110388,0.23968183369708002,0.369465889396565,260009.83846452564,1531.9359714045725,5429459.877221818,5.8852799099042254,0.00048169608127160814,0.5250069798148523,0.07070206175818604,0.5250069798148522
tetuan,80.0,1.4785997732426304,1.8541310541310543,245.0,156.0,24.825098245310006,5191.054200668679,80548,5.738741446878869,17.425423487999623,0.055431968222611004,0.0758380975110388,0.23968183369708002,0.369465889396565,415284.33605349436,1986.0078596248004,17551569.0765732,6.652333343182208,0.0015571571087250238,0.42613740533745503,0.0573874144687887,0.4261374053374551
tetuan,100.0,1.5287515964240104,1.9813583078491337,87.0,109.0,21.498884533547052,4836.767415229166,80548,5.333864382030478,18.748133217802653,0.055431968222611004,0.0758380975110388,0.23968183369708002,0.369465889396565,483676.7415229166,2149.8884533547052,27161137.85245259,6.92899070433214,0.0024097081408213598,0.39607275379456774,0.05333864382030477,0.39607275379456763
tetuan,120.0,1.770568652534113,2.3416733762748256,76.0,207.0,20.347291346499418,5712.6989483184825,80548,4.274118037147101,23.39663975839756,0.055431968222611004,0.0758380975110388,0.23968183369708002,0.369465889396565,685523.8737982179,2441.67496157993,104512584.38888876,7.7884630593988184,0.009272248710207978,0.3173799668996181,0.04274118037147101,0.31737996689961806
torrejon-de-ardoz,30.0,2.0,0.0,1.0,0.0,21.666666666666668,0.0,52840,0.0,0.0,0.0386139620243075,0.0693407584476672,0.157822617373913,0.341797866937532,0.0,650.0,0.0,-1.0,0.0,0.0,0.0,0.0
torrejon-de-ardoz,50.0,1.3899305555555554,1.61125,8.0,10.0,18.485957977823897,2867.9886948917137,52840,7.7347409398439915,12.928681228982052,0.0386139620243075,0.0693407584476672,0.157822617373913,0.341797866937532,143399.43474458568,924.2978988911949,953575.1943236722,6.5883218022807615,8.460020788265958e-05,0.5743528377385145,0.07734740939843991,0.5743528377385144
torrejon-de-ardoz,80.0,1.5267094017094016,1.8085470085470086,26.0,78.0,15.082553840828457,2595.0442193634617,52840,6.97447252495515,14.33800185493498,0.0386139620243075,0.0693407584476672,0.157822617373913,0.341797866937532,207603.53754907695,1206.6043072662765,1697204.9095794866,7.070116218369391,0.00015057426936502117,0.5178981581402634,0.0697447252495515,0.5178981581402633
torrejon-de-ardoz,100.0,1.5651234567901235,1.8481750645994832,9.0,86.0,11.891618796087297,2632.912547118308,52840,5.419831574323667,18.45075785634148,0.0386139620243075,0.0693407584476672,0.157822617373913,0.341797866937532,263291.2547118308,1189.1618796087296,3932602.9499321706,8.30820340230164,0.0003488964782899898,0.4024563549041612,0.05419831574323667,0.40245635490416115
torrejon-de-ardoz,120.0,1.3555555555555554,1.809480122324159,6.0,109.0,9.06650976629894,2394.6409908313135,52840,4.543399933942389,22.009948816728578,0.0386139620243075,0.0693407584476672,0.157822617373913,0.341797866937532,287356.9188997576,1087.981171955873,7230685.283757975,9.223805481565105,0.0006414989418573074,0.3373758300809263,0.045433999339423894,0.33737583008092625
torrelodones,50.0,0.0,1.6333333333333333,0.0,1.0,0.0,5936.170212765957,8893,0.0,0.0,0.06992205006686919,0.0507875011491283,0.247781185318437,0.150661545027742,296808.5106382979,0.0,296808.5106382979,0.0,2.6332544985245772e-05,0.0,0.0,0.0
torrelodones,80.0,1.1666666666666667,1.0175925925925926,1.0,3.0,16.86046511627907,2594.4860614192007,8893,7.798291322662779,12.823321912761568,0.06992205006686919,0.0507875011491283,0.247781185318437,0.150661545027742,207558.88491353605,1348.8372093023256,3547769.54416777,5.458434435433988,0.00031475445538328933,0.5790718506951495,0.07798291322662779,0.5790718506951495
torrelodones,100.0,1.275,3.0,4.0,1.0,14.7819403714565,3396.2264150943397,8893,5.222952264581297,19.146259612238023,0.06992205006686919,0.0507875011491283,0.247781185318437,0.150661545027742,339622.641509434,1478.1940371456499,23533581.667544596,6.897161175410358,0.002087875096950175,0.3878368361482025,0.052229522645812966,0.3878368361482025
torrelodones,120.0,2.072853535353535,2.826349487785658,11.0,141.0,12.284743384706223,2959.5624685305697,8893,4.981037642691406,20.076138181113397,0.06992205006686919,0.0507875011491283,0.247781185318437,0.150661545027742,355147.4962236684,1474.1692061647468,30234112.119288523,7.074822585684842,0.0026823392488240917,0.36987316410624,0.049810376426914056,0.36987316410624
tres-cantos,30.0,1.2097222222222221,0.0,2.0,0.0,30.546279491833033,0.0,19658,0.0,0.0,0.052388507034082904,0.0425092313746849,0.202017047229115,0.21232718004170897,0.0,916.388384754991,0.0,-1.0,0.0,0.0,0.0,0.0
tres-cantos,50.0,1.8111111111111111,10.0,3.0,1.0,19.96124719844396,2842.1052631578946,19658,8.428082150454118,11.865095547818296,0.052388507034082904,0.0425092313746849,0.202017047229115,0.21232718004170897,142105.26315789472,998.062359922198,1261122.8287256823,5.646041648731149,0.00011188551685368839,0.6258377542899686,0.08428082150454118,0.6258377542899685
tres-cantos,80.0,1.4837962962962963,2.3583333333333334,9.0,4.0,15.185637602814609,4165.682028974148,19658,4.374497380412186,22.859769089763983,0.052388507034082904,0.0425092313746849,0.202017047229115,0.21232718004170897,333254.56231793185,1214.8510082251687,22362202.90310503,8.380311950543833,0.001983951580932955,0.3248337602590881,0.04374497380412186,0.32483376025908806
tres-cantos,100.0,1.4738888888888888,2.1285714285714286,10.0,7.0,11.96852577269488,5226.596750353637,19658,2.7479125735617718,36.39125966456154,0.052388507034082904,0.0425092313746849,0.202017047229115,0.21232718004170897,522659.67503536365,1196.852577269488,422928906.6100674,10.535043229714397,0.037521816456409264,0.20404967622799033,0.02747912573561772,0.20404967622799033
tres-cantos,120.0,2.1168128654970757,2.4310141283524906,19.0,58.0,11.078630443045709,2984.5795482382155,19658,4.454348197722675,22.449973724803527,0.052388507034082904,0.0425092313746849,0.202017047229115,0.21232718004170897,358149.54578858585,1329.435653165485,22287218.980383277,8.299631586998027,0.0019772990846349393,0.33076318231403595,0.04454348197722675,0.3307631823140359
usera,30.0,1.607175925925926,2.0083333333333333,24.0,4.0,39.71248196248197,4785.453216374269,55970,9.958299914398594,10.041874703473344,0.0640188521877203,0.092506453440686,0.264209209151752,0.444163650023905,143563.59649122806,1191.374458874459,1511810.8718731059,4.526163777603501,0.00013412630152406904,0.7394659833301931,0.09958299914398594,0.739465983330193
usera,50.0,1.4674329501915708,2.1960897435897437,29.0,65.0,25.908421498684913,3332.1959506377702,55970,9.330215347171093,10.717866231278343,0.0640188521877203,0.092506453440686,0.264209209151752,0.444163650023905,166609.7975318885,1295.4210749342456,2055807.3694667285,4.729760362141032,0.00018238910980370417,0.6928267802421374,0.09330215347171093,0.6928267802421374
usera,80.0,1.4694444444444446,2.1521918402777778,25.0,128.0,19.120233684877224,3194.1919103050827,55970,7.183125205417361,13.92151704728495,0.0640188521877203,0.092506453440686,0.264209209151752,0.444163650023905,255535.3528244066,1529.6186947901779,6682288.708569228,5.5810749185112805,0.0005928457632309359,0.5333919232265489,0.07183125205417361,0.5333919232265488
usera,100.0,1.2241666666666666,2.0694444444444446,15.0,66.0,14.723389266083633,2955.4863798529545,55970,5.978057364683036,16.72784215668063,0.0640188521877203,0.092506453440686,0.264209209151752,0.444163650023905,295548.63798529544,1472.3389266083632,14922455.079114513,6.208591713249763,0.0013239048260983034,0.4439081073655947,0.05978057364683036,0.44390810736559466
usera,120.0,1.0208333333333335,2.1035714285714286,2.0,35.0,11.606105856976937,2386.0292304737673,55970,5.8370311857440775,17.13199686927019,0.0640188521877203,0.092506453440686,0.264209209151752,0.444163650023905,286323.5076568521,1392.7327028372324,15893477.523681631,6.291813378300216,0.0014100529360303899,0.4334360325153872,0.05837031185744078,0.4334360325153872
valdemoro,30.0,1.1111111111111112,0.0,3.0,0.0,24.832451499118168,0.0,30344,0.0,0.0,0.035118445923983804,0.0666176788690168,0.10992445949466,0.26477604028624396,0.0,744.973544973545,0.0,-1.0,0.0,0.0,0.0,0.0
valdemoro,50.0,1.3466666666666667,1.5333333333333334,5.0,6.0,13.547403863193335,2849.301600372073,30344,5.705568211420339,17.526738143247275,0.035118445923983804,0.0666176788690168,0.10992445949466,0.26477604028624396,142465.08001860365,677.3701931596668,886246.1770726757,9.296548632158542,7.86268469040223e-05,0.42367408535417983,0.05705568211420339,0.42367408535417983
valdemoro,80.0,1.4892094017094015,1.88383487654321,13.0,36.0,14.190929372902133,2406.712573913724,30344,7.075674690887713,14.132927864643538,0.035118445923983804,0.0666176788690168,0.10992445949466,0.26477604028624396,192537.00591309794,1135.2743498321706,840703.5494017928,7.9890563628009765,7.45863519420996e-05,0.5254130512233953,0.07075674690887712,0.5254130512233953
valdemoro,100.0,1.2706018518518518,2.094011839708561,12.0,61.0,11.471705975358189,2371.2994039084065,30344,5.805275853289739,17.225710289603533,0.035118445923983804,0.0666176788690168,0.10992445949466,0.26477604028624396,237129.94039084064,1147.1705975358188,1429544.7632907175,9.18751734609129,0.0001268277372061248,0.4310780006885518,0.058052758532897396,0.4310780006885518
valdemoro,120.0,1.2138888888888888,2.0377918679549114,8.0,138.0,8.635573048252203,1773.0723234227899,30344,5.844481085745117,17.11015888885385,0.035118445923983804,0.0666176788690168,0.10992445949466,0.26477604028624396,212768.67881073477,1036.2687657902643,1267317.2471279441,9.14533349918283,0.00011243507926645145,0.4339892341338698,0.058444810857451165,0.43398923413386975
vicalvaro,30.0,1.0333333333333334,0.0,1.0,0.0,25.571428571428573,0.0,36910,0.0,0.0,0.0654841414508327,0.0713833733272114,0.239294425661358,0.308735274505446,0.0,767.1428571428572,0.0,-1.0,0.0,0.0,0.0,0.0
vicalvaro,50.0,1.1319444444444444,1.8444444444444443,6.0,6.0,24.49215652072795,3461.5017380073164,36910,8.490704338572087,11.77758593544636,0.0654841414508327,0.0713833733272114,0.239294425661358,0.308735274505446,173075.08690036583,1224.6078260363975,2165734.4003154607,5.244962770148711,0.00019214172262027625,0.6304878429911521,0.08490704338572086,0.630487842991152
vicalvaro,80.0,1.7111119093231162,1.8904228855721392,29.0,67.0,16.128581351336674,3638.475022809442,36910,5.319343268889509,18.799313175529743,0.0654841414508327,0.0713833733272114,0.239294425661358,0.308735274505446,291078.0018247554,1290.286508106934,16429559.512128958,6.944768741831287,0.0014576135772202648,0.39499447042289404,0.05319343268889509,0.3949944704228941
vicalvaro,100.0,1.6812091503267974,2.000612745098039,34.0,68.0,13.901605948711179,3418.097475270691,36910,4.880471449145058,20.48982378895334,0.0654841414508327,0.0713833733272114,0.239294425661358,0.308735274505446,341809.7475270691,1390.1605948711178,27727674.888966896,7.275657145282727,0.0024599707224695015,0.3624054959460352,0.04880471449145058,0.36240549594603516
vicalvaro,120.0,1.175,2.358888888888889,5.0,30.0,11.10654614250791,3188.620336724326,36910,4.179818844378699,23.924481831189098,0.0654841414508327,0.0713833733272114,0.239294425661358,0.308735274505446,382634.4404069191,1332.785537100949,64853825.740056686,7.88324603940865,0.005753764540284634,0.3103776627003937,0.04179818844378699,0.31037766270039363
villa-de-vallecas,30.0,1.2816520467836257,1.461904761904762,190.0,7.0,42.69577865273461,4819.40475632205,50191,10.630967302771575,9.40648175767874,0.0456278201472983,0.058927024437127704,0.19434258774227298,0.286356821589205,144582.1426896615,1280.8733595820383,768469.1234059242,4.853727753973906,6.817778815823423e-05,0.7894157394204041,0.10630967302771577,0.7894157394204041
villa-de-vallecas,50.0,1.2693287037037038,2.1217487373737374,24.0,44.0,22.572417264364656,3128.965392221821,50191,8.656823365503469,11.55158142633353,0.0456278201472983,0.058927024437127704,0.19434258774227298,0.286356821589205,156448.26961109103,1128.620863218233,1217115.372245614,5.627992751015166,0.00010798122069669633,0.6428232185728874,0.08656823365503469,0.6428232185728874
villa-de-vallecas,80.0,1.2981837606837607,1.7906645569620254,26.0,79.0,16.051888359127382,3177.021143616245,50191,6.062995856876037,16.49349634415305,0.0456278201472983,0.058927024437127704,0.19434258774227298,0.286356821589205,254161.69148929958,1284.1510687301907,4755931.920326644,7.087837362650143,0.00042194137549979066,0.4502153210659238,0.06062995856876036,0.45021532106592377
villa-de-vallecas,100.0,1.2752314814814814,1.8022222222222224,6.0,60.0,12.637938477519848,3125.7648691707923,50191,4.8517808625339605,20.610988590233355,0.0456278201472983,0.058927024437127704,0.19434258774227298,0.286356821589205,312576.48691707925,1263.7938477519847,12152330.356953287,8.068654598032658,0.0010781422173908165,0.3602750406451239,0.0485178086253396,0.36027504064512383
villa-de-vallecas,120.0,1.5,1.6243993993993993,2.0,37.0,10.615753698520592,3305.2025418324556,50191,3.8541978220681337,25.945736211936506,0.0456278201472983,0.058927024437127704,0.19434258774227298,0.286356821589205,396624.3050198947,1273.890443822471,39769112.62485036,9.128583672574505,0.003528274660875079,0.2861982674697162,0.03854197822068134,0.2861982674697162
villanueva-de-la-canada,30.0,1.6777777777777778,0.0,3.0,0.0,37.82828282828283,0.0,8675,0.0,0.0,0.0627023660608883,0.10902487574592801,0.182464206959026,0.382111436950146,0.0,1134.848484848485,0.0,-1.0,0.0,0.0,0.0,0.0
villanueva-de-la-canada,50.0,1.625,2.923076923076923,8.0,13.0,20.733490566037737,6221.225656409136,8675,3.999242280114626,25.004736646546405,0.0627023660608883,0.10902487574592801,0.182464206959026,0.382111436950146,311061.2828204568,1036.6745283018868,20553738.13050302,9.23888005761096,0.0018235064512553626,0.29696872464794044,0.03999242280114626,0.29696872464794044
villanueva-de-la-canada,80.0,2.3541666666666665,2.525925925925926,8.0,9.0,18.83964469378214,4579.871003451885,8675,4.936290479687979,20.25812711214697,0.0627023660608883,0.10902487574592801,0.182464206959026,0.382111436950146,366389.6802761508,1507.1715755025712,10926771.504310878,8.229041647432059,0.000969411899820508,0.36655040769440284,0.049362904796879783,0.3665504076944028
villanueva-de-la-canada,100.0,1.5133333333333332,0.0,5.0,0.0,14.366578405413359,0.0,8675,0.0,0.0,0.0627023660608883,0.10902487574592801,0.182464206959026,0.382111436950146,0.0,1436.6578405413359,0.0,-1.0,0.0,0.0,0.0,0.0
villanueva-de-la-canada,120.0,1.7481481481481482,2.296527777777778,9.0,104.0,9.824771700910603,2460.1651424363877,8675,4.792249852551339,20.86702552596692,0.0627023660608883,0.10902487574592801,0.182464206959026,0.382111436950146,295219.8170923665,1178.9726041092722,9750224.944896353,8.36854877554623,0.0008650299023623074,0.35585449123268964,0.04792249852551339,0.3558544912326896
villanueva-del-pardillo,50.0,1.3,1.4,1.0,4.0,20.0,3680.1136363636365,6000,6.521537748957851,15.333806818181818,0.0555404417383314,0.0629832481149955,0.170195025860608,0.24067796610169498,184005.68181818182,1000.0,2048754.9598050502,7.167154264050335,0.00018176342729119414,0.48426492130301846,0.06521537748957851,0.4842649213030184
villanueva-del-pardillo,80.0,1.2133333333333334,2.2666666666666666,5.0,6.0,15.307956259426849,3205.7501526251526,6000,5.730186894405855,17.451437770315287,0.0555404417383314,0.0629832481149955,0.170195025860608,0.24067796610169498,256460.0122100122,1224.6365007541478,3983127.6165322973,7.772664199262772,0.00035337897460807453,0.42550217637158905,0.05730186894405855,0.425502176371589
villanueva-del-pardillo,100.0,1.2513888888888889,3.0430555555555556,3.0,9.0,9.952861952861953,3719.3159605626374,6000,3.211191108815506,31.141092700921945,0.0555404417383314,0.0629832481149955,0.170195025860608,0.24067796610169498,371931.5960562637,995.2861952861954,49670610.03168627,10.710593937147754,0.004406725300063584,0.23845100181287687,0.03211191108815506,0.23845100181287687
villanueva-del-pardillo,120.0,1.5104166666666665,2.9125262054507335,2.0,53.0,10.388471177944862,2382.6552097159606,6000,5.232047575620453,19.112976048988106,0.0555404417383314,0.0629832481149955,0.170195025860608,0.24067796610169498,285918.6251659153,1246.6165413533834,5765814.962281295,8.210441348241433,0.000511537157557788,0.38851221981600503,0.05232047575620453,0.388512219816005
villaverde,30.0,1.4434027777777778,1.5,8.0,2.0,27.52086070060208,4011.9047619047624,61882,8.231758927657832,12.148071983013335,0.0471544269905364,0.0825161347088557,0.21013210220376302,0.383486766398159,120357.14285714287,825.6258210180623,1221041.6208581007,5.6466260212100305,0.00010832955342472095,0.6112595284639215,0.08231758927657833,0.6112595284639215
villaverde,50.0,1.4985780423280424,1.829033485540335,42.0,73.0,18.994301303521723,2432.735820695921,61882,9.369353371754825,10.67309514672202,0.0471544269905364,0.0825161347088557,0.21013210220376302,0.383486766398159,121636.79103479606,949.7150651760862,931423.3427057734,5.168026526595783,8.263491845082904e-05,0.6957330230831031,0.09369353371754824,0.695733023083103
villaverde,80.0,1.4603333333333333,2.1841638029782358,50.0,194.0,14.656655061329623,2478.554936153137,61882,7.096064653258457,14.092318050411334,0.0471544269905364,0.0825161347088557,0.21013210220376302,0.383486766398159,198284.39489225097,1172.5324049063697,2914703.920475728,6.21733671448912,0.0002585895260871805,0.5269271333161376,0.07096064653258458,0.5269271333161376
villaverde,100.0,1.3217013888888889,2.2485663082437273,8.0,62.0,13.842553748543573,2521.2197851592414,61882,6.588503150748963,15.177954341363906,0.0471544269905364,0.0825161347088557,0.21013210220376302,0.383486766398159,252121.97851592413,1384.2553748543573,4558719.6985048605,6.510906536417865,0.00040444491055141563,0.48923752075375077,0.06588503150748963,0.48923752075375077
villaverde,120.0,1.0833333333333335,2.0840972222222223,2.0,20.0,10.958333333333332,2148.993381325815,61882,6.119144020763409,16.342154991070835,0.0471544269905364,0.0825161347088557,0.21013210220376302,0.383486766398159,257879.2057590978,1314.9999999999998,5822137.872054724,6.808464090348952,0.0005165340680308712,0.4543846730213844,0.06119144020763409,0.45438467302138436
villaviciosa-de-odon,30.0,1.903143274853801,0.0,19.0,0.0,34.46731301939058,0.0,11281,0.0,0.0,0.04890046419172139,0.06368398701434021,0.146398023189508,0.267979726695323,0.0,1034.0193905817175,0.0,-1.0,0.0,0.0,0.0,0.0
villaviciosa-de-odon,50.0,1.53179012345679,4.0,9.0,3.0,23.342592592592595,2080.0,11281,13.466880341880344,7.4256247520825065,0.04890046419172139,0.06368398701434021,0.146398023189508,0.267979726695323,104000.0,1167.1296296296298,286837.5245997443,4.385359085640531,2.5447929386310213e-05,1.0,0.13466880341880344,1.0
villaviciosa-de-odon,80.0,1.2338888888888888,3.1444444444444444,10.0,9.0,19.439825525351843,3671.735090412746,11281,6.3533425086502895,15.739746419124524,0.04890046419172139,0.06368398701434021,0.146398023189508,0.267979726695323,293738.8072330197,1555.1860420281473,2522818.0257102684,7.748150071192672,0.000223821813629062,0.47177537390691554,0.06353342508650289,0.4717753739069155
villaviciosa-de-odon,100.0,1.65,2.230769230769231,4.0,13.0,20.907876845376844,3676.0256882913554,11281,6.825156933577898,14.651677752349906,0.04890046419172139,0.06368398701434021,0.146398023189508,0.267979726695323,367602.56882913556,2090.7876845376845,2721085.0444903015,7.386514417603925,0.00024141185907583203,0.5068105426282358,0.06825156933577899,0.5068105426282358
villaviciosa-de-odon,120.0,1.5999999999999999,2.544101617440225,12.0,158.0,11.81336445320981,2687.5714846052065,11281,5.274664292672451,18.958552516587588,0.04890046419172139,0.06368398701434021,0.146398023189508,0.267979726695323,322508.5781526248,1417.6037343851772,4299867.846372678,8.723935079295888,0.0003814798411666924,0.3916767773059432,0.05274664292672452,0.3916767773059432
